,name,station,start,end,sum
0,W 24 St & 7 Ave,W 24 St & 7 Ave,0.0,1,1.0
1,48 Ave & 37 St,48 Ave & 37 St,0.0,2,2.0
2,34 St & 48 Ave,34 St & 48 Ave,2.0,2,4.0
3,36 St & 47 Ave,36 St & 47 Ave,3.0,5,8.0
4,36 St & Hunters Point Ave,36 St & Hunters Point Ave,7.0,9,16.0
5,W 212 St & 10 Ave,W 212 St & 10 Ave,13.0,11,24.0
6,9 Ave & W 219 St,9 Ave & W 219 St,12.0,15,27.0
7,Sedgwick Ave & Hall of Fame Tce,Sedgwick Ave & Hall of Fame Tce,16.0,13,29.0
8,Skillman Ave & Honeywell St,Skillman Ave & Honeywell St,11.0,18,29.0
9,36 St & Queens Blvd,36 St & Queens Blvd,18.0,19,37.0
10,Picnic Point,Picnic Point,16.0,22,38.0
11,31 Pl & Hunters Point Ave,31 Pl & Hunters Point Ave,20.0,19,39.0
12,Borden Ave & Review Ave,Borden Ave & Review Ave,21.0,22,43.0
13,Faile St & Garrison Ave,Faile St & Garrison Ave,22.0,25,47.0
14,Amsterdam Ave & W 189 St,Amsterdam Ave & W 189 St,27.0,21,48.0
15,Skillman Ave & 43 Ave,Skillman Ave & 43 Ave,28.0,25,53.0
16,64 St & 3 Ave,64 St & 3 Ave,21.0,38,59.0
17,Van Dam St & Greenpoint Ave,Van Dam St & Greenpoint Ave,31.0,30,61.0
18,Decatur Ave & E 197 St,Decatur Ave & E 197 St,29.0,35,64.0
19,Barry St & Tiffany St,Barry St & Tiffany St,38.0,30,68.0
20,Bradley Ave & Greenpoint Ave,Bradley Ave & Greenpoint Ave,36.0,34,70.0
21,Decatur Ave & Oliver Pl,Decatur Ave & Oliver Pl,39.0,32,71.0
22,Grand Concourse & E 205 St,Grand Concourse & E 205 St,37.0,35,72.0
23,Soissons Landing,Soissons Landing,26.0,47,73.0
24,Jerome Ave & E 198 St,Jerome Ave & E 198 St,41.0,33,74.0
25,E Mosholu Pkwy & E 204 St,E Mosholu Pkwy & E 204 St,39.0,36,75.0
26,Bailey Ave & W 193 St,Bailey Ave & W 193 St,39.0,37,76.0
27,41 St & 3 Ave,41 St & 3 Ave,37.0,39,76.0
28,65 St & 2 Ave,65 St & 2 Ave,34.0,44,78.0
29,Yankee Ferry Terminal,Yankee Ferry Terminal,25.0,53,78.0
30,E 134 St & Walnut Ave,E 134 St & Walnut Ave,40.0,40,80.0
31,Paul Ave & W 205 St,Paul Ave & W 205 St,46.0,40,86.0
32,Goulden Ave & W 205 St,Goulden Ave & W 205 St,48.0,41,89.0
33,Aqueduct Ave & North St,Aqueduct Ave & North St,50.0,40,90.0
34,63 St & 5 Ave,63 St & 5 Ave,43.0,47,90.0
35,Bedford Park Blvd & Paul Ave,Bedford Park Blvd & Paul Ave,49.0,42,91.0
36,Andrew Ave N & Hall of Fame Tce,Andrew Ave N & Hall of Fame Tce,46.0,46,92.0
37,6 Ave & 55 St,6 Ave & 55 St,48.0,46,94.0
38,E 201 St & Briggs Ave,E 201 St & Briggs Ave,52.0,43,95.0
39,Paul Ave & Mosholu Pkwy,Paul Ave & Mosholu Pkwy,50.0,45,95.0
40,Grand Concourse & E 199 St,Grand Concourse & E 199 St,51.0,48,99.0
41,Seneca Ave & Irvine St,Seneca Ave & Irvine St,48.0,52,100.0
42,Grand Concourse & E 203 St,Grand Concourse & E 203 St,57.0,46,103.0
43,Steinway St & 19 Ave,Steinway St & 19 Ave,52.0,51,103.0
44,W 211 St & 10 Ave,W 211 St & 10 Ave,57.0,47,104.0
45,Goulden Ave & Bedford Park Blvd W,Goulden Ave & Bedford Park Blvd W,58.0,46,104.0
46,W 218 St & Indian Rd,W 218 St & Indian Rd,54.0,50,104.0
47,48 St & 2 Ave,48 St & 2 Ave,52.0,53,105.0
48,Crotona Park East & E 173 St,Crotona Park East & E 173 St,58.0,49,107.0
49,E 165 St & Jerome Ave,E 165 St & Jerome Ave,48.0,59,107.0
50,10 Ave & W 204 St,10 Ave & W 204 St,48.0,59,107.0
51,20 Ave & Shore Blvd,20 Ave & Shore Blvd,56.0,55,111.0
52,Ditmars Blvd & 76 St,Ditmars Blvd & 76 St,59.0,52,111.0
53,10 Ave & W 215 St,10 Ave & W 215 St,56.0,57,113.0
54,Charlotte St & Boston Rd,Charlotte St & Boston Rd,65.0,50,115.0
55,Dawson St & Intervale Ave,Dawson St & Intervale Ave,61.0,55,116.0
56,E 155 St & Courtlandt Ave,E 155 St & Courtlandt Ave,58.0,58,116.0
57,E 128 St & 3 Ave,E 128 St & 3 Ave,57.0,60,117.0
58,Hazen St & 20 Ave,Hazen St & 20 Ave,64.0,53,117.0
59,52 St & 1 Ave,52 St & 1 Ave,65.0,52,117.0
60,Rogers Pl & E 165 St,Rogers Pl & E 165 St,59.0,58,117.0
61,Ditmars Blvd & 73 St,Ditmars Blvd & 73 St,58.0,59,117.0
62,Decatur Ave & Bedford Park Blvd,Decatur Ave & Bedford Park Blvd,54.0,64,118.0
63,Bailey Ave & Sedgwick Ave,Bailey Ave & Sedgwick Ave,62.0,56,118.0
64,Bainbridge Ave & E 198 St,Bainbridge Ave & E 198 St,61.0,58,119.0
65,Bainbridge Ave & Bedford Park Blvd,Bainbridge Ave & Bedford Park Blvd,58.0,62,120.0
66,Garrison Ave & Manida St,Garrison Ave & Manida St,61.0,59,120.0
67,62 St & 4 Ave,62 St & 4 Ave,59.0,61,120.0
68,E 169 St & Fox St,E 169 St & Fox St,61.0,62,123.0
69,Bainbridge Ave & E 196 St,Bainbridge Ave & E 196 St,66.0,57,123.0
70,47 St & 3 Ave,47 St & 3 Ave,59.0,65,124.0
71,20 Ave & 48 St,20 Ave & 48 St,62.0,62,124.0
72,Ryer Ave & E 182 St,Ryer Ave & E 182 St,65.0,59,124.0
73,Bainbridge Ave & E 193 St,Bainbridge Ave & E 193 St,57.0,68,125.0
74,21 Ave & 80 St,21 Ave & 80 St,57.0,69,126.0
75,E 165 St & Fox St,E 165 St & Fox St,63.0,64,127.0
76,10 Ave & W 202 St,10 Ave & W 202 St,65.0,63,128.0
77,Grand Concourse & E Mosholu Pkwy S,Grand Concourse & E Mosholu Pkwy S,67.0,61,128.0
78,52 St & 6 Ave,52 St & 6 Ave,66.0,63,129.0
79,49 St & 25 Ave,49 St & 25 Ave,72.0,57,129.0
80,43 St & 23 Ave,43 St & 23 Ave,61.0,69,130.0
81,Railroad Ave & Kay Ave,Railroad Ave & Kay Ave,66.0,64,130.0
82,Academy St & Nagle Ave,Academy St & Nagle Ave,64.0,67,131.0
83,Prospect Ave & Jennings St,Prospect Ave & Jennings St,80.0,51,131.0
84,W 37 St & Broadway,W 37 St & Broadway,81.0,50,131.0
85,Southern Blvd & E 142 St,Southern Blvd & E 142 St,74.0,57,131.0
86,44 St & 3 Ave,44 St & 3 Ave,66.0,65,131.0
87,Hunts Point Ave & Bryant Ave,Hunts Point Ave & Bryant Ave,63.0,70,133.0
88,Intervale Ave & Kelly St,Intervale Ave & Kelly St,77.0,56,133.0
89,Aqueduct Ave & W 190 St,Aqueduct Ave & W 190 St,73.0,61,134.0
90,44 St & 2 Ave,44 St & 2 Ave,68.0,66,134.0
91,Jerome Ave & W 184 St,Jerome Ave & W 184 St,70.0,65,135.0
92,Morris Ave & E 184 St,Morris Ave & E 184 St,67.0,68,135.0
93,Ogden Ave & Merriam Ave,Ogden Ave & Merriam Ave,65.0,70,135.0
94,Southern Blvd & Tiffany St,Southern Blvd & Tiffany St,65.0,71,136.0
95,76 St & 21 Ave,76 St & 21 Ave,70.0,66,136.0
96,Sedgwick Ave & W Burnside Ave,Sedgwick Ave & W Burnside Ave,70.0,66,136.0
97,Cedar Ave & W Fordham Rd,Cedar Ave & W Fordham Rd,68.0,68,136.0
98,Freeman St & Reverend James A Polite Ave,Freeman St & Reverend James A Polite Ave,68.0,70,138.0
99,Broadway & 49 St,Broadway & 49 St,76.0,62,138.0
100,E 133 St & Cypress Pl,E 133 St & Cypress Pl,71.0,67,138.0
101,20 Ave & 21 St,20 Ave & 21 St,66.0,72,138.0
102,55 St & 5 Ave,55 St & 5 Ave,69.0,69,138.0
103,20 Ave & 31 St,20 Ave & 31 St,72.0,67,139.0
104,E 167 St & Bryant Ave,E 167 St & Bryant Ave,73.0,67,140.0
105,Longfellow Ave & E 165 St,Longfellow Ave & E 165 St,76.0,65,141.0
106,Grand Ave & W 181 St,Grand Ave & W 181 St,77.0,66,143.0
107,W 218 St & Broadway,W 218 St & Broadway,79.0,66,145.0
108,Marion Ave & Mosholu Pkwy,Marion Ave & Mosholu Pkwy,66.0,79,145.0
109,Grand Concourse & E 197 St,Grand Concourse & E 197 St,68.0,78,146.0
110,Grand Ave & W Fordham Rd,Grand Ave & W Fordham Rd,79.0,69,148.0
111,Southern Blvd & E 172 St,Southern Blvd & E 172 St,71.0,78,149.0
112,23 St & 3 Ave,23 St & 3 Ave,71.0,78,149.0
113,E Mosholu Pkwy & Van Cortlandt Ave E,E Mosholu Pkwy & Van Cortlandt Ave E,73.0,76,149.0
114,6 Ave & 60 St,6 Ave & 60 St,72.0,78,150.0
115,Jerome Ave & E 164 St,Jerome Ave & E 164 St,71.0,79,150.0
116,Webb Ave & W 190 St,Webb Ave & W 190 St,83.0,68,151.0
117,20 Ave & 42 St,20 Ave & 42 St,83.0,68,151.0
118,E 160 St & Tinton Ave,E 160 St & Tinton Ave,75.0,77,152.0
119,Prospect Ave & Longwood Ave,Prospect Ave & Longwood Ave,81.0,71,152.0
120,Washington Ave & E 174 St,Washington Ave & E 174 St,74.0,79,153.0
121,58 St & 2 Ave,58 St & 2 Ave,81.0,72,153.0
122,W Tremont Ave & Matthewson Rd,W Tremont Ave & Matthewson Rd,65.0,88,153.0
123,Chester Ave & 12 Ave,Chester Ave & 12 Ave,72.0,81,153.0
124,Inwood Ave & W 170 St,Inwood Ave & W 170 St,71.0,84,155.0
125,21 Ave & Shore Blvd,21 Ave & Shore Blvd,81.0,74,155.0
126,W 204 St & Nagle Ave,W 204 St & Nagle Ave,72.0,84,156.0
127,Jerome Ave & W 177 St,Jerome Ave & W 177 St,78.0,79,157.0
128,W 176 St & Montgomery Ave,W 176 St & Montgomery Ave,78.0,79,157.0
129,59 St & 5 Ave,59 St & 5 Ave,76.0,81,157.0
130,E 141 St & Jackson Ave,E 141 St & Jackson Ave,84.0,74,158.0
131,Loring Pl North & W 183 St,Loring Pl North & W 183 St,72.0,86,158.0
132,33 St & 47 Ave,33 St & 47 Ave,76.0,83,159.0
133,Jerome Ave & Bedford Park Blvd E,Jerome Ave & Bedford Park Blvd E,85.0,74,159.0
134,Featherbed Ln & Jerome Ave,Featherbed Ln & Jerome Ave,90.0,70,160.0
135,Ft. Washington Ave & W 190 St,Ft. Washington Ave & W 190 St,91.0,70,161.0
136,55 St & 7 Ave,55 St & 7 Ave,89.0,73,162.0
137,Andrews Ave S & W 179 St,Andrews Ave S & W 179 St,81.0,82,163.0
138,E 156 St & Courtlandt Ave,E 156 St & Courtlandt Ave,85.0,78,163.0
139,Jerome Ave & W 195 St,Jerome Ave & W 195 St,80.0,84,164.0
140,Boone Ave & E 172 St,Boone Ave & E 172 St,79.0,85,164.0
141,Valentine Ave & E 183 St,Valentine Ave & E 183 St,89.0,75,164.0
142,University Ave & W 168 St,University Ave & W 168 St,85.0,79,164.0
143,E 144 St & Brook Ave,E 144 St & Brook Ave,88.0,77,165.0
144,E 138 St & Grand Concourse,E 138 St & Grand Concourse,98.0,67,165.0
145,E 174 St & Walton Ave,E 174 St & Walton Ave,81.0,85,166.0
146,Bulova Ave & Brooklyn Queens Expressway W,Bulova Ave & Brooklyn Queens Expressway W,78.0,88,166.0
147,Gerard Ave & E 165 St,Gerard Ave & E 165 St,86.0,81,167.0
148,Morris Ave & E 171 St,Morris Ave & E 171 St,85.0,83,168.0
149,42 St & 1 Ave,42 St & 1 Ave,85.0,83,168.0
150,2 Av & 37 St,2 Av & 37 St,82.0,87,169.0
151,E 8 St & Caton Ave,E 8 St & Caton Ave,68.0,101,169.0
152,Buchanan Pl & Grand Ave,Buchanan Pl & Grand Ave,87.0,83,170.0
153,Valentine Ave & E 181 St,Valentine Ave & E 181 St,79.0,91,170.0
154,Goulden Ave & W 197 St,Goulden Ave & W 197 St,85.0,85,170.0
155,Anthony Ave & E 175 St,Anthony Ave & E 175 St,92.0,79,171.0
156,W Mosholu Pkwy S & Sedgwick Ave,W Mosholu Pkwy S & Sedgwick Ave,82.0,89,171.0
157,W Fordham Rd & Loring Pl N,W Fordham Rd & Loring Pl N,78.0,93,171.0
158,Dyckman St & 10 Ave,Dyckman St & 10 Ave,92.0,80,172.0
159,Willow Ave & E 133 St,Willow Ave & E 133 St,93.0,79,172.0
160,E 163 St & Tiffany St,E 163 St & Tiffany St,81.0,92,173.0
161,Union Ave & E 169 St,Union Ave & E 169 St,88.0,86,174.0
162,Somers St & Broadway,Somers St & Broadway,96.0,78,174.0
163,Waterloo Pl & Crotona Park East,Waterloo Pl & Crotona Park East,92.0,82,174.0
164,Grand Concourse & E 196 St,Grand Concourse & E 196 St,89.0,86,175.0
165,Stephen St & Seneca Ave,Stephen St & Seneca Ave,91.0,85,176.0
166,Washington Ave & E 167 St,Washington Ave & E 167 St,90.0,87,177.0
167,46 St & 6 Ave,46 St & 6 Ave,85.0,93,178.0
168,Gerard Ave & McClellan St,Gerard Ave & McClellan St,87.0,91,178.0
169,Southpoint Park,Southpoint Park,84.0,94,178.0
170,53 St & 5 Ave,53 St & 5 Ave,90.0,89,179.0
171,Weeks Ave & E 175 St,Weeks Ave & E 175 St,92.0,87,179.0
172,Fulton Ave & E 172 St,Fulton Ave & E 172 St,97.0,82,179.0
173,Jerome Ave & E 181 St,Jerome Ave & E 181 St,90.0,91,181.0
174,47 Ave & Skillman Ave,47 Ave & Skillman Ave,91.0,90,181.0
175,Gerard Ave & E 164 St,Gerard Ave & E 164 St,93.0,88,181.0
176,Wales Ave & E 147 St,Wales Ave & E 147 St,86.0,95,181.0
177,Prospect Ave & E 167 St,Prospect Ave & E 167 St,95.0,88,183.0
178,57 St & 1 Ave,57 St & 1 Ave,93.0,91,184.0
179,Jerome Ave & Anderson Ave,Jerome Ave & Anderson Ave,83.0,102,185.0
180,3 Ave & Wakeman Pl,3 Ave & Wakeman Pl,85.0,100,185.0
181,Cauldwell Ave & E 161 St,Cauldwell Ave & E 161 St,105.0,80,185.0
182,Grand Concourse & E 192 St,Grand Concourse & E 192 St,93.0,93,186.0
183,2 Ave & 32 St,2 Ave & 32 St,98.0,88,186.0
184,Intervale Ave & Westchester Ave,Intervale Ave & Westchester Ave,99.0,88,187.0
185,McDonald Ave & Vanderbilt St,McDonald Ave & Vanderbilt St,95.0,93,188.0
186,Wilkins Ave & Crotona Park E,Wilkins Ave & Crotona Park E,92.0,96,188.0
187,Walnut Ave & E 136 St,Walnut Ave & E 136 St,96.0,92,188.0
188,5 Ave & 66 St,5 Ave & 66 St,88.0,100,188.0
189,College Ave & E 170 St,College Ave & E 170 St,91.0,98,189.0
190,10 Ave & W 207 St,10 Ave & W 207 St,91.0,99,190.0
191,Bushwick Ave & Furman Ave,Bushwick Ave & Furman Ave,104.0,86,190.0
192,Louis Nine Blvd & Intervale Ave,Louis Nine Blvd & Intervale Ave,86.0,104,190.0
193,51 St & Hobart St,51 St & Hobart St,95.0,95,190.0
194,50 St & 30 Ave,50 St & 30 Ave,98.0,92,190.0
195,58 St & 32 Ave,58 St & 32 Ave,93.0,98,191.0
196,Macombs Rd & Featherbed Ln,Macombs Rd & Featherbed Ln,104.0,88,192.0
197,Steinway St & 21 Ave,Steinway St & 21 Ave,93.0,99,192.0
198,Southern Blvd & Avenue St. John,Southern Blvd & Avenue St. John,95.0,97,192.0
199,University Ave & Brandt Pl,University Ave & Brandt Pl,99.0,94,193.0
200,Hoe Ave & Jennings St,Hoe Ave & Jennings St,101.0,93,194.0
201,34 St & 5 Ave,34 St & 5 Ave,89.0,106,195.0
202,27 Ave & 3 St,27 Ave & 3 St,97.0,98,195.0
203,W 159 St & Edgecombe Ave,W 159 St & Edgecombe Ave,107.0,89,196.0
204,W 192 St & University Ave,W 192 St & University Ave,99.0,97,196.0
205,E 138 St & Willow Ave,E 138 St & Willow Ave,101.0,96,197.0
206,67 St & Erik Pl,67 St & Erik Pl,83.0,114,197.0
207,Columbia St & Lorraine St,Columbia St & Lorraine St,76.0,122,198.0
208,Creston Ave & E 181 St,Creston Ave & E 181 St,99.0,100,199.0
209,Morris Ave & E 153 St,Morris Ave & E 153 St,93.0,106,199.0
210,Townsend Ave & E 175 St,Townsend Ave & E 175 St,102.0,97,199.0
211,W 204 St & Vermilyea Ave,W 204 St & Vermilyea Ave,98.0,102,200.0
212,Anderson Ave & W 164 St,Anderson Ave & W 164 St,103.0,98,201.0
213,E 171 St & Webster Ave,E 171 St & Webster Ave,95.0,106,201.0
214,29 St & 5 Ave,29 St & 5 Ave,100.0,101,201.0
215,Mount Eden Pkwy & Eastburn Ave,Mount Eden Pkwy & Eastburn Ave,108.0,94,202.0
216,Webster Ave & E 166 St,Webster Ave & E 166 St,95.0,108,203.0
217,Prospect Ave & Greenwood Ave,Prospect Ave & Greenwood Ave,89.0,114,203.0
218,W Tremont Ave & Grand Ave,W Tremont Ave & Grand Ave,104.0,100,204.0
219,46 St & 28 Ave,46 St & 28 Ave,102.0,102,204.0
220,W Tremont Ave & Montgomery Ave,W Tremont Ave & Montgomery Ave,104.0,101,205.0
221,Botanical Sq & Webster Ave,Botanical Sq & Webster Ave,83.0,122,205.0
222,Walton Ave & E 183 St,Walton Ave & E 183 St,101.0,104,205.0
223,31 Ave & 61 St,31 Ave & 61 St,94.0,111,205.0
224,Broadway & Furman Ave,Broadway & Furman Ave,100.0,105,205.0
225,35 St & 21 Ave,35 St & 21 Ave,102.0,104,206.0
226,Clay Ave & E 173 St,Clay Ave & E 173 St,92.0,114,206.0
227,Tiebout Ave & E 184 St,Tiebout Ave & E 184 St,104.0,104,208.0
228,Broadway & Ellwood St,Broadway & Ellwood St,96.0,112,208.0
229,Brook Ave & E 141 St,Brook Ave & E 141 St,106.0,102,208.0
230,Cauldwell Ave & E 158 St,Cauldwell Ave & E 158 St,109.0,99,208.0
231,34 Ave & 13 St,34 Ave & 13 St,103.0,106,209.0
232,21 St & 21 Ave,21 St & 21 Ave,105.0,104,209.0
233,Cypress Ave & Palmetto St,Cypress Ave & Palmetto St,107.0,102,209.0
234,E 3 St & Church Ave,E 3 St & Church Ave,95.0,114,209.0
235,Creston Ave & E 178 St,Creston Ave & E 178 St,108.0,102,210.0
236,Ogden Ave & W 164 St,Ogden Ave & W 164 St,101.0,109,210.0
237,Church Ave & McDonald Ave,Church Ave & McDonald Ave,95.0,116,211.0
238,Macombs Rd & W 175 St,Macombs Rd & W 175 St,106.0,106,212.0
239,W Burnside Ave & University Ave,W Burnside Ave & University Ave,110.0,103,213.0
240,20 Ave & 38 St,20 Ave & 38 St,107.0,106,213.0
241,Lafayette Ave & Hunts Point Ave,Lafayette Ave & Hunts Point Ave,109.0,104,213.0
242,University Ave & W Burnside Ave,University Ave & W Burnside Ave,104.0,110,214.0
243,St Mary's St & Jackson Ave,St Mary's St & Jackson Ave,113.0,101,214.0
244,58 St & Pier 4,58 St & Pier 4,115.0,99,214.0
245,Grand Concourse & E 175 St,Grand Concourse & E 175 St,109.0,106,215.0
246,59 St & 4 Ave,59 St & 4 Ave,113.0,102,215.0
247,W 190 St & Broadway,W 190 St & Broadway,110.0,106,216.0
248,E 165 St & Clay Ave,E 165 St & Clay Ave,105.0,112,217.0
249,Beck St & Leggett Ave,Beck St & Leggett Ave,99.0,119,218.0
250,W 163 St & Edgecombe Ave,W 163 St & Edgecombe Ave,124.0,94,218.0
251,Featherbed Ln & Nelson Ave,Featherbed Ln & Nelson Ave,107.0,111,218.0
252,23 Rd & 31 St,23 Rd & 31 St,107.0,111,218.0
253,Wolcott St & Dwight St,Wolcott St & Dwight St,101.0,118,219.0
254,57 St & 4 Ave,57 St & 4 Ave,97.0,122,219.0
255,46 St & 30 Rd,46 St & 30 Rd,118.0,102,220.0
256,St. Ann's Av & Bruckner Blvd,St. Ann's Av & Bruckner Blvd,110.0,110,220.0
257,Jerome Ave & Ogden Ave,Jerome Ave & Ogden Ave,105.0,115,220.0
258,E 153 St & E 157 St,E 153 St & E 157 St,109.0,111,220.0
259,46 St & 25 Ave,46 St & 25 Ave,117.0,103,220.0
260,Banker St & Meserole Ave,Banker St & Meserole Ave,112.0,109,221.0
261,Amsterdam Ave & W 186 St,Amsterdam Ave & W 186 St,112.0,109,221.0
262,Fulton Ave & E 168 St,Fulton Ave & E 168 St,105.0,116,221.0
263,Sedgwick Ave & W Tremont Ave,Sedgwick Ave & W Tremont Ave,107.0,115,222.0
264,19 St & 8 Ave,19 St & 8 Ave,128.0,94,222.0
265,Freeman St & Southern Blvd,Freeman St & Southern Blvd,118.0,104,222.0
266,E 141 St & St Ann's Ave,E 141 St & St Ann's Ave,112.0,110,222.0
267,Popham Ave & W 174 St,Popham Ave & W 174 St,108.0,114,222.0
268,Edgecombe Ave & W 150 St,Edgecombe Ave & W 150 St,119.0,105,224.0
269,Wakeman Pl & Ridge Blvd,Wakeman Pl & Ridge Blvd,104.0,120,224.0
270,49 St & 31 Ave,49 St & 31 Ave,113.0,111,224.0
271,Seaman Ave & Beak St,Seaman Ave & Beak St,108.0,116,224.0
272,Fulton Ave & St. Paul's Pl,Fulton Ave & St. Paul's Pl,120.0,105,225.0
273,E 149 St & Eagle Ave,E 149 St & Eagle Ave,116.0,109,225.0
274,Church Ave & Story St,Church Ave & Story St,102.0,123,225.0
275,50 St & 7 Ave,50 St & 7 Ave,112.0,113,225.0
276,E 169 St & Webster Ave,E 169 St & Webster Ave,109.0,117,226.0
277,Broadway & W 192 St,Broadway & W 192 St,112.0,115,227.0
278,Sheridan Ave & E 172 St,Sheridan Ave & E 172 St,110.0,117,227.0
279,Pioneer St & Richards St,Pioneer St & Richards St,104.0,123,227.0
280,21 St & 23 Ave,21 St & 23 Ave,112.0,116,228.0
281,Steinway St & Ditmars Blvd,Steinway St & Ditmars Blvd,113.0,116,229.0
282,Westchester Ave & Longwood Ave,Westchester Ave & Longwood Ave,112.0,117,229.0
283,St. Ann's Ave & E 144 St,St. Ann's Ave & E 144 St,117.0,112,229.0
284,Nagle Ave & Ellwood St,Nagle Ave & Ellwood St,109.0,120,229.0
285,Sheridan Ave & E 168 St,Sheridan Ave & E 168 St,120.0,109,229.0
286,Margaret Corbin Plz & Ft Washington Ave,Margaret Corbin Plz & Ft Washington Ave,119.0,111,230.0
287,E 167 St & Franklin Ave,E 167 St & Franklin Ave,116.0,115,231.0
288,Albemarle Rd & McDonald Ave,Albemarle Rd & McDonald Ave,111.0,121,232.0
289,St. Nicholas Ave & W 157 St,St. Nicholas Ave & W 157 St,126.0,106,232.0
290,Prospect Ave & Vanderbilt St,Prospect Ave & Vanderbilt St,115.0,118,233.0
291,31 Ave & 57 St,31 Ave & 57 St,111.0,122,233.0
292,E 182 St & Morris Ave,E 182 St & Morris Ave,113.0,120,233.0
293,Webster Ave & Ford St,Webster Ave & Ford St,107.0,127,234.0
294,Jerome Ave & W 193 St,Jerome Ave & W 193 St,114.0,120,234.0
295,E 174 St & Longfellow Ave,E 174 St & Longfellow Ave,106.0,129,235.0
296,Amsterdam Ave & W 183 St,Amsterdam Ave & W 183 St,124.0,111,235.0
297,Audobon Ave & W 179 St,Audobon Ave & W 179 St,125.0,111,236.0
298,E Tremont Ave & Jerome Ave,E Tremont Ave & Jerome Ave,121.0,116,237.0
299,Cypress Ave & George St,Cypress Ave & George St,122.0,115,237.0
300,Isham St & Broadway,Isham St & Broadway,110.0,128,238.0
301,E 135 St & St Ann's Ave,E 135 St & St Ann's Ave,112.0,127,239.0
302,Henry St & W 9 St,Henry St & W 9 St,104.0,136,240.0
303,7 Ave & 40 St,7 Ave & 40 St,122.0,118,240.0
304,46 St & 7 Ave,46 St & 7 Ave,125.0,115,240.0
305,Bronx Shore Comfort Station,Bronx Shore Comfort Station,128.0,112,240.0
306,Old Broadway & W 133 St,Old Broadway & W 133 St,129.0,111,240.0
307,University Ave & Macombs Rd,University Ave & Macombs Rd,127.0,114,241.0
308,7 Ave & 22 St,7 Ave & 22 St,128.0,113,241.0
309,Willis Ave & E 143 St,Willis Ave & E 143 St,112.0,129,241.0
310,Convent Ave & W 151 St,Convent Ave & W 151 St,122.0,120,242.0
311,Greenwood Ave & E 4 St,Greenwood Ave & E 4 St,115.0,127,242.0
312,Broadway & W 220 St,Broadway & W 220 St,109.0,134,243.0
313,Boston Rd & Prospect Ave,Boston Rd & Prospect Ave,113.0,130,243.0
314,50 St & Northern Blvd,50 St & Northern Blvd,121.0,123,244.0
315,E 138 St & Cypress Ave,E 138 St & Cypress Ave,118.0,126,244.0
316,30 Ave & 12 St,30 Ave & 12 St,120.0,124,244.0
317,44 St & 6 Ave,44 St & 6 Ave,132.0,113,245.0
318,Broadway & 51 St,Broadway & 51 St,122.0,124,246.0
319,Dahill Rd & 12 Ave,Dahill Rd & 12 Ave,114.0,133,247.0
320,Dyckman St & Henshaw St,Dyckman St & Henshaw St,118.0,129,247.0
321,Jerome Ave & E Mosholu Parkway S,Jerome Ave & E Mosholu Parkway S,113.0,135,248.0
322,3 Ave & E 172 St,3 Ave & E 172 St,122.0,126,248.0
323,Grand Concourse & E 171 St,Grand Concourse & E 171 St,125.0,123,248.0
324,Columbia St & W 9 St,Columbia St & W 9 St,112.0,136,248.0
325,Ditmars Blvd & 79 St,Ditmars Blvd & 79 St,121.0,128,249.0
326,Prospect Ave & E 151 St,Prospect Ave & E 151 St,120.0,129,249.0
327,Centre St & Seneca Ave,Centre St & Seneca Ave,133.0,116,249.0
328,Audubon Ave & W 192 St,Audubon Ave & W 192 St,128.0,121,249.0
329,Davidson Ave & W Burnside Ave,Davidson Ave & W Burnside Ave,125.0,125,250.0
330,3 Ave & 17 St,3 Ave & 17 St,118.0,132,250.0
331,Brook Ave & E 157 St,Brook Ave & E 157 St,126.0,124,250.0
332,Longwood Ave & Southern Blvd,Longwood Ave & Southern Blvd,130.0,120,250.0
333,St Ann's Ave & Westchester Ave,St Ann's Ave & Westchester Ave,129.0,122,251.0
334,Steinway St & 23 Ave,Steinway St & 23 Ave,124.0,127,251.0
335,Tinton Ave & E 165 St,Tinton Ave & E 165 St,118.0,133,251.0
336,E 167 St & Clay Ave,E 167 St & Clay Ave,118.0,134,252.0
337,Jerome Ave & W Fordham Rd,Jerome Ave & W Fordham Rd,134.0,118,252.0
338,Metropolitan Ave & Vandervoort Ave,Metropolitan Ave & Vandervoort Ave,123.0,131,254.0
339,21 Ave & Crescent St,21 Ave & Crescent St,125.0,129,254.0
340,Lexington Ave & E 128 St,Lexington Ave & E 128 St,134.0,120,254.0
341,Seaman Ave & Isham St,Seaman Ave & Isham St,130.0,124,254.0
342,21 St & 38 Ave,21 St & 38 Ave,135.0,120,255.0
343,E 170 St & Clay Ave,E 170 St & Clay Ave,126.0,129,255.0
344,Grand Concourse & E 156 St,Grand Concourse & E 156 St,124.0,132,256.0
345,E 138 St & Park Ave,E 138 St & Park Ave,145.0,111,256.0
346,Brook Ave & E 148 St,Brook Ave & E 148 St,128.0,129,257.0
347,12 Ave & 36 St,12 Ave & 36 St,109.0,148,257.0
348,34 Ave & 21 St,34 Ave & 21 St,130.0,128,258.0
349,31 St & 21 Ave,31 St & 21 Ave,119.0,139,258.0
350,Frederick Douglass Blvd & Harlem River Dr,Frederick Douglass Blvd & Harlem River Dr,116.0,142,258.0
351,3 Ave & E 174 St,3 Ave & E 174 St,121.0,137,258.0
352,Nelson Ave & 167 St,Nelson Ave & 167 St,117.0,142,259.0
353,37 St & 24 Ave,37 St & 24 Ave,122.0,137,259.0
354,Westchester Ave & E 156 St,Westchester Ave & E 156 St,135.0,124,259.0
355,Caton Ave & E 7 St,Caton Ave & E 7 St,131.0,129,260.0
356,Bay St & Court St,Bay St & Court St,126.0,134,260.0
357,Morris Ave & E Burnside Ave,Morris Ave & E Burnside Ave,128.0,132,260.0
358,Bruckner Blvd & Bryant Ave,Bruckner Blvd & Bryant Ave,128.0,132,260.0
359,Ogden Ave & W 165 St,Ogden Ave & W 165 St,135.0,126,261.0
360,Clay Ave & Claremont Pkwy,Clay Ave & Claremont Pkwy,121.0,140,261.0
361,3 Ave & Franklin Ave,3 Ave & Franklin Ave,137.0,125,262.0
362,30 Ave & 47 St,30 Ave & 47 St,133.0,130,263.0
363,Gerard Ave & E 146 St,Gerard Ave & E 146 St,145.0,118,263.0
364,E 163 St & Union Ave,E 163 St & Union Ave,135.0,129,264.0
365,48 St & 5 Ave,48 St & 5 Ave,133.0,131,264.0
366,Anthony Ave & E Tremont Ave,Anthony Ave & E Tremont Ave,139.0,126,265.0
367,53 St & 2 Ave,53 St & 2 Ave,133.0,132,265.0
368,Sherman Ave & Thayer St,Sherman Ave & Thayer St,133.0,133,266.0
369,34 Ave & 45 St,34 Ave & 45 St,133.0,133,266.0
370,E 188 St & Creston Ave,E 188 St & Creston Ave,133.0,134,267.0
371,40 Ave & 9 St,40 Ave & 9 St,150.0,118,268.0
372,Amsterdam Ave & W 180 St,Amsterdam Ave & W 180 St,164.0,104,268.0
373,Amsterdam Ave & W 172 St,Amsterdam Ave & W 172 St,147.0,122,269.0
374,Nelson Ave & W 172 St,Nelson Ave & W 172 St,133.0,136,269.0
375,48 St & Broadway,48 St & Broadway,138.0,131,269.0
376,Crotona Park North & Prospect Ave,Crotona Park North & Prospect Ave,119.0,151,270.0
377,River Ave & McClellan St,River Ave & McClellan St,120.0,150,270.0
378,Concourse Village West & E 156 St,Concourse Village West & E 156 St,134.0,137,271.0
379,Henry St & Bay St,Henry St & Bay St,130.0,141,271.0
380,W 186 St & St. Nicholas Ave,W 186 St & St. Nicholas Ave,143.0,129,272.0
381,21 St & 36 Ave,21 St & 36 Ave,144.0,129,273.0
382,Westchester Ave & Jackson Ave,Westchester Ave & Jackson Ave,140.0,133,273.0
383,31 Ave & 14 St,31 Ave & 14 St,134.0,139,273.0
384,35 Ave & 10 St,35 Ave & 10 St,132.0,142,274.0
385,Onderdonk Ave & Gates Ave,Onderdonk Ave & Gates Ave,133.0,141,274.0
386,Park Ave & E 162 St,Park Ave & E 162 St,137.0,138,275.0
387,Shore Blvd & Astoria Park,Shore Blvd & Astoria Park,142.0,133,275.0
388,Amsterdam Ave & W 167 St,Amsterdam Ave & W 167 St,153.0,122,275.0
389,31 Rd & 21 St,31 Rd & 21 St,145.0,131,276.0
390,Ditmars Blvd & 43 St,Ditmars Blvd & 43 St,125.0,151,276.0
391,Southern Blvd & E 149 St,Southern Blvd & E 149 St,116.0,160,276.0
392,4 Ave & Shore Road Dr,4 Ave & Shore Road Dr,137.0,141,278.0
393,River Ave & E 153 St,River Ave & E 153 St,146.0,132,278.0
394,E 142 St & 3 Ave,E 142 St & 3 Ave,143.0,135,278.0
395,5 Ave & 37 St,5 Ave & 37 St,131.0,147,278.0
396,Southern Blvd & E 174 St,Southern Blvd & E 174 St,139.0,141,280.0
397,Home St & Westchester Ave,Home St & Westchester Ave,127.0,153,280.0
398,Franklin Ave & E 169 St,Franklin Ave & E 169 St,137.0,143,280.0
399,Crescent St & Ditmars Blvd,Crescent St & Ditmars Blvd,136.0,144,280.0
400,E 171 St & 3 Ave,E 171 St & 3 Ave,134.0,147,281.0
401,Amsterdam Ave & W 175 St,Amsterdam Ave & W 175 St,172.0,110,282.0
402,Boston Rd & E 167 St,Boston Rd & E 167 St,125.0,157,282.0
403,Morris Ave & E 142 St,Morris Ave & E 142 St,143.0,139,282.0
404,Woodward Ave & Harman St,Woodward Ave & Harman St,146.0,136,282.0
405,Broadway & W 185 St,Broadway & W 185 St,144.0,139,283.0
406,Menahan St & Seneca Ave,Menahan St & Seneca Ave,145.0,138,283.0
407,E 149 St & Jackson Ave,E 149 St & Jackson Ave,141.0,144,285.0
408,31 St & Ditmars Blvd,31 St & Ditmars Blvd,139.0,146,285.0
409,Sherman Ave & E 166 St,Sherman Ave & E 166 St,144.0,141,285.0
410,Melrose Ave & E 154 St,Melrose Ave & E 154 St,143.0,142,285.0
411,Broadway & W 153 St,Broadway & W 153 St,142.0,144,286.0
412,Broadway & 12 St,Broadway & 12 St,142.0,145,287.0
413,Walton Ave & E 153 St,Walton Ave & E 153 St,147.0,140,287.0
414,Pinehurst Ave & W 187 St,Pinehurst Ave & W 187 St,146.0,143,289.0
415,Ditmars Blvd & 19 St,Ditmars Blvd & 19 St,130.0,159,289.0
416,Goble Pl & Macombs Rd,Goble Pl & Macombs Rd,131.0,158,289.0
417,W 170 St & University Ave,W 170 St & University Ave,136.0,154,290.0
418,43 St & 35 Ave,43 St & 35 Ave,147.0,143,290.0
419,Dwight St & Van Dyke St,Dwight St & Van Dyke St,139.0,152,291.0
420,34 Ave & 48 St,34 Ave & 48 St,129.0,162,291.0
421,W 140 St & Riverside Dr,W 140 St & Riverside Dr,162.0,130,292.0
422,Nagle Ave & Thayer St,Nagle Ave & Thayer St,135.0,157,292.0
423,27 Ave & 9 St,27 Ave & 9 St,144.0,150,294.0
424,Ft. Hamilton Pkwy & E 2 St,Ft. Hamilton Pkwy & E 2 St,139.0,156,295.0
425,36 St & Ditmars Blvd,36 St & Ditmars Blvd,140.0,155,295.0
426,Clinton St & Centre St,Clinton St & Centre St,142.0,153,295.0
427,Ft. Hamilton Pkwy & E 5 St,Ft. Hamilton Pkwy & E 5 St,135.0,162,297.0
428,Amsterdam Ave & W 156 St,Amsterdam Ave & W 156 St,184.0,114,298.0
429,Fort Washington Ave & W 183 St,Fort Washington Ave & W 183 St,161.0,138,299.0
430,W 163 St & Riverside Dr,W 163 St & Riverside Dr,150.0,149,299.0
431,28 Ave & 44 St,28 Ave & 44 St,153.0,147,300.0
432,E 147 St & Bergen Ave,E 147 St & Bergen Ave,145.0,155,300.0
433,Broadway & W 165 St,Broadway & W 165 St,162.0,138,300.0
434,Brook Ave & E 138 St,Brook Ave & E 138 St,138.0,163,301.0
435,Shakespeare Ave & W 169 St,Shakespeare Ave & W 169 St,155.0,147,302.0
436,Concourse Village East & E 158 St,Concourse Village East & E 158 St,150.0,153,303.0
437,8 St & Astoria Blvd,8 St & Astoria Blvd,148.0,155,303.0
438,White St & Johnson Ave,White St & Johnson Ave,152.0,151,303.0
439,E 170 St & Sheridan Ave,E 170 St & Sheridan Ave,152.0,152,304.0
440,E 158 St & Melrose Ave,E 158 St & Melrose Ave,148.0,156,304.0
441,34 St & 38 Ave,34 St & 38 Ave,155.0,150,305.0
442,Walton Ave & E 171 St,Walton Ave & E 171 St,158.0,147,305.0
443,25 Ave & 41 St,25 Ave & 41 St,149.0,156,305.0
444,5 St & 51 Ave,5 St & 51 Ave,159.0,147,306.0
445,35 St & 23 Ave,35 St & 23 Ave,144.0,162,306.0
446,38 St & Northern Blvd,38 St & Northern Blvd,145.0,161,306.0
447,Cabrini Blvd & W 177 St,Cabrini Blvd & W 177 St,164.0,143,307.0
448,Halsey St & Evergreen Ave,Halsey St & Evergreen Ave,162.0,146,308.0
449,Onderdonk Ave & Dekalb Ave,Onderdonk Ave & Dekalb Ave,162.0,147,309.0
450,Edgecombe Ave & W 167 St,Edgecombe Ave & W 167 St,179.0,130,309.0
451,Kane St & Clinton St,Kane St & Clinton St,146.0,163,309.0
452,Myrtle Ave & Linden St,Myrtle Ave & Linden St,158.0,154,312.0
453,Fort Washington Ave & W 173 St,Fort Washington Ave & W 173 St,157.0,157,314.0
454,Madison St & Cypress Ave,Madison St & Cypress Ave,150.0,164,314.0
455,30 Ave & 21 St,30 Ave & 21 St,157.0,157,314.0
456,Knickerbocker Ave & Hancock St,Knickerbocker Ave & Hancock St,156.0,159,315.0
457,Roosevelt Island Tramway,Roosevelt Island Tramway,140.0,175,315.0
458,Alexander Ave & E 134 St,Alexander Ave & E 134 St,157.0,159,316.0
459,E 170 St & Webster Ave,E 170 St & Webster Ave,151.0,165,316.0
460,Harlem River Dr & W 155 St,Harlem River Dr & W 155 St,161.0,155,316.0
461,Wilson Ave & Moffat St,Wilson Ave & Moffat St,169.0,149,318.0
462,18 St & 27 Ave,18 St & 27 Ave,160.0,158,318.0
463,3 Ave & E 163 St,3 Ave & E 163 St,163.0,156,319.0
464,45 St & 4 Ave,45 St & 4 Ave,160.0,159,319.0
465,Grand Concourse & East Mount Eden Ave,Grand Concourse & East Mount Eden Ave,155.0,165,320.0
466,37 Ave & 35 St,37 Ave & 35 St,165.0,155,320.0
467,Grand Concourse & E 144 St,Grand Concourse & E 144 St,163.0,158,321.0
468,Eldert St & Bushwick Ave,Eldert St & Bushwick Ave,159.0,162,321.0
469,Amsterdam Ave & W 162 St,Amsterdam Ave & W 162 St,174.0,147,321.0
470,23 Ave & 27 St,23 Ave & 27 St,146.0,176,322.0
471,31 St & Astoria Blvd,31 St & Astoria Blvd,170.0,153,323.0
472,W 171 St & St. Nicholas Ave,W 171 St & St. Nicholas Ave,186.0,137,323.0
473,Linden St & Knickerbocker Ave,Linden St & Knickerbocker Ave,170.0,153,323.0
474,Caton Ave & E 10 St,Caton Ave & E 10 St,146.0,178,324.0
475,Wadsworth Ave & W 175 St,Wadsworth Ave & W 175 St,179.0,145,324.0
476,Moffat St & Bushwick,Moffat St & Bushwick,173.0,152,325.0
477,19 St & 24 Ave,19 St & 24 Ave,170.0,155,325.0
478,Westchester Ave & Southern Blvd,Westchester Ave & Southern Blvd,162.0,163,325.0
479,41 St & 4 Ave,41 St & 4 Ave,160.0,165,325.0
480,Central Ave & Decatur St,Central Ave & Decatur St,158.0,168,326.0
481,Bergen Ave & E 152 St,Bergen Ave & E 152 St,161.0,166,327.0
482,31 St & Hoyt Ave N,31 St & Hoyt Ave N,182.0,145,327.0
483,34 St & 4 Ave,34 St & 4 Ave,165.0,162,327.0
484,Morris Ave & McClellan St,Morris Ave & McClellan St,160.0,169,329.0
485,53 St & 4 Ave,53 St & 4 Ave,150.0,179,329.0
486,5 Ave & E 135 St,5 Ave & E 135 St,162.0,167,329.0
487,E 149 St & Park Ave,E 149 St & Park Ave,172.0,158,330.0
488,3 Ave & E 170 St,3 Ave & E 170 St,164.0,168,332.0
489,Richards St & Delavan St,Richards St & Delavan St,152.0,183,335.0
490,Lenox Ave & W 146 St,Lenox Ave & W 146 St,172.0,164,336.0
491,Lincoln Ave & E 134 St,Lincoln Ave & E 134 St,167.0,169,336.0
492,3 Ave & E 169 St,3 Ave & E 169 St,161.0,177,338.0
493,28 St & 36 Ave,28 St & 36 Ave,180.0,158,338.0
494,E 156 & Brook Ave,E 156 & Brook Ave,160.0,178,338.0
495,Amsterdam Ave & W 131 St,Amsterdam Ave & W 131 St,172.0,167,339.0
496,Menahan St & Onderdonk Ave,Menahan St & Onderdonk Ave,179.0,160,339.0
497,Newton Rd & 44 St,Newton Rd & 44 St,169.0,171,340.0
498,St. Nicholas Ave & W 155 St,St. Nicholas Ave & W 155 St,168.0,172,340.0
499,Madison St & Seneca Ave,Madison St & Seneca Ave,174.0,167,341.0
500,Willis Ave & E 141 St,Willis Ave & E 141 St,176.0,165,341.0
501,Prospect Park W & 20 St,Prospect Park W & 20 St,175.0,166,341.0
502,43 St & Broadway,43 St & Broadway,163.0,179,342.0
503,E Burnside Ave & Ryer Ave,E Burnside Ave & Ryer Ave,161.0,183,344.0
504,2 Ave & 36 St,2 Ave & 36 St,169.0,176,345.0
505,E 150 St & Gerard Ave,E 150 St & Gerard Ave,179.0,166,345.0
506,Fairview Ave & Linden St,Fairview Ave & Linden St,174.0,171,345.0
507,E Tremont Ave & E 176 St,E Tremont Ave & E 176 St,158.0,188,346.0
508,36 Ave & 10 St,36 Ave & 10 St,165.0,182,347.0
509,W 165 St & Fort Washington Ave,W 165 St & Fort Washington Ave,193.0,158,351.0
510,21 St & 31 Dr,21 St & 31 Dr,166.0,185,351.0
511,Lexington Ave & E 127 St,Lexington Ave & E 127 St,180.0,171,351.0
512,24 Ave & 26 St,24 Ave & 26 St,169.0,183,352.0
513,Central Ave & Covert St,Central Ave & Covert St,181.0,171,352.0
514,7 Ave & 41 St,7 Ave & 41 St,185.0,168,353.0
515,Hancock St & Wyckoff Ave,Hancock St & Wyckoff Ave,186.0,168,354.0
516,Flatbush Ave & Eastern Pkwy,Flatbush Ave & Eastern Pkwy,180.0,174,354.0
517,Walton Ave & E 168 St,Walton Ave & E 168 St,174.0,182,356.0
518,Putnam Ave & Wyckoff Ave,Putnam Ave & Wyckoff Ave,156.0,201,357.0
519,Green St & McGuinness Blvd,Green St & McGuinness Blvd,169.0,189,358.0
520,Morris Ave & E 163 St,Morris Ave & E 163 St,172.0,187,359.0
521,30 Ave & 41 St,30 Ave & 41 St,173.0,186,359.0
522,4 Ave & 26 St,4 Ave & 26 St,167.0,192,359.0
523,Sigourney St & Columbia St,Sigourney St & Columbia St,177.0,182,359.0
524,Willis Ave & Bruckner Blvd,Willis Ave & Bruckner Blvd,170.0,190,360.0
525,W 155 St & Frederick Douglass Blvd,W 155 St & Frederick Douglass Blvd,160.0,200,360.0
526,35 St & 34 Ave,35 St & 34 Ave,194.0,167,361.0
527,28 Ave & 35 St,28 Ave & 35 St,179.0,183,362.0
528,Tiebout Ave & E Fordham Road,Tiebout Ave & E Fordham Road,173.0,190,363.0
529,24 Ave & 29 St,24 Ave & 29 St,180.0,184,364.0
530,Dyckman St & Staff St,Dyckman St & Staff St,178.0,186,364.0
531,34th Ave & Vernon Blvd,34th Ave & Vernon Blvd,181.0,183,364.0
532,Myrtle Ave & Grove St,Myrtle Ave & Grove St,181.0,184,365.0
533,Putnam Ave & Knickerbocker Ave,Putnam Ave & Knickerbocker Ave,182.0,184,366.0
534,W 225 St & Exterior St,W 225 St & Exterior St,170.0,198,368.0
535,W 147 St & Adam Clayton Powell Blvd,W 147 St & Adam Clayton Powell Blvd,187.0,181,368.0
536,E 118 St & Park Ave,E 118 St & Park Ave,177.0,191,368.0
537,E 157 St & River Ave,E 157 St & River Ave,192.0,177,369.0
538,Frost St & Debevoise Ave,Frost St & Debevoise Ave,189.0,180,369.0
539,Stanhope St & Fairview Ave,Stanhope St & Fairview Ave,174.0,195,369.0
540,Morgan Ave & Maspeth Ave,Morgan Ave & Maspeth Ave,184.0,187,371.0
541,E 132 St & Madison Ave,E 132 St & Madison Ave,180.0,191,371.0
542,Montgomery St & Franklin Ave,Montgomery St & Franklin Ave,180.0,191,371.0
543,Amsterdam Ave & W 152 St,Amsterdam Ave & W 152 St,196.0,177,373.0
544,Southern Blvd & E 175 St,Southern Blvd & E 175 St,170.0,203,373.0
545,Willoughby Ave & Onderdonk Ave,Willoughby Ave & Onderdonk Ave,177.0,198,375.0
546,Macombs Pl & W 152 St,Macombs Pl & W 152 St,184.0,192,376.0
547,7 Ave & 20 St,7 Ave & 20 St,190.0,186,376.0
548,Grand Concourse & E 166 St,Grand Concourse & E 166 St,194.0,183,377.0
549,E 161 St & Park Ave,E 161 St & Park Ave,184.0,195,379.0
550,E 149 St & Morris Ave,E 149 St & Morris Ave,201.0,178,379.0
551,E 138 St & 5 Av,E 138 St & 5 Av,195.0,184,379.0
552,Hoyt St & Warren St,Hoyt St & Warren St,176.0,206,382.0
553,Sunken Meadow Comfort Station,Sunken Meadow Comfort Station,184.0,198,382.0
554,Courtlandt Ave & E 149 St,Courtlandt Ave & E 149 St,198.0,185,383.0
555,Convent Ave & W 135 St,Convent Ave & W 135 St,195.0,189,384.0
556,30 St & 4 Ave,30 St & 4 Ave,187.0,201,388.0
557,Washington Ave & E 163 St,Washington Ave & E 163 St,189.0,200,389.0
558,Riverside Dr & W 148 St,Riverside Dr & W 148 St,195.0,195,390.0
559,Kent St & McGuinness Blvd,Kent St & McGuinness Blvd,182.0,209,391.0
560,E 128 St & Madison Ave,E 128 St & Madison Ave,189.0,202,391.0
561,Newtown Ave & 23 St,Newtown Ave & 23 St,184.0,207,391.0
562,16th St & 4th Ave,16th St & 4th Ave,194.0,198,392.0
563,Harman St & Seneca Ave,Harman St & Seneca Ave,202.0,190,392.0
564,34 Ave & 31 St,34 Ave & 31 St,195.0,198,393.0
565,24 St & 38 Ave,24 St & 38 Ave,210.0,183,393.0
566,Vernon Blvd & 10 St,Vernon Blvd & 10 St,188.0,205,393.0
567,31 St & 23 Ave,31 St & 23 Ave,211.0,183,394.0
568,Avenue D & E 12 St,Avenue D & E 12 St,197.0,198,395.0
569,Norman St & Wyckoff Ave,Norman St & Wyckoff Ave,196.0,199,395.0
570,11 Ave & Prospect Ave,11 Ave & Prospect Ave,209.0,189,398.0
571,Crescent St & 35 Ave,Crescent St & 35 Ave,203.0,196,399.0
572,Grand Concourse & E 164 St,Grand Concourse & E 164 St,199.0,201,400.0
573,Ocean Pkwy & Church Ave,Ocean Pkwy & Church Ave,182.0,221,403.0
574,W 160 St & St. Nicholas Ave,W 160 St & St. Nicholas Ave,213.0,190,403.0
575,South St & Broad St,South St & Broad St,192.0,212,404.0
576,Hamilton Pl & W 140 St,Hamilton Pl & W 140 St,202.0,203,405.0
577,W 135 St & Lenox Terrace Pl,W 135 St & Lenox Terrace Pl,210.0,195,405.0
578,Suydam St & St. Nicholas Ave,Suydam St & St. Nicholas Ave,207.0,200,407.0
579,Sullivan Pl & Bedford Ave,Sullivan Pl & Bedford Ave,201.0,207,408.0
580,Lenox Ave & W 144 St,Lenox Ave & W 144 St,205.0,204,409.0
581,Caton Ave & Argyle Rd,Caton Ave & Argyle Rd,205.0,204,409.0
582,St. Nicholas Terrace & Convent Ave,St. Nicholas Terrace & Convent Ave,197.0,212,409.0
583,21 St & Hoyt Ave S,21 St & Hoyt Ave S,193.0,219,412.0
584,Menahan St & Wyckoff Ave,Menahan St & Wyckoff Ave,201.0,212,413.0
585,W 180 St & Ft Washington Ave,W 180 St & Ft Washington Ave,215.0,198,413.0
586,5 Av & W 139 St,5 Av & W 139 St,204.0,211,415.0
587,Commerce St & Van Brunt St,Commerce St & Van Brunt St,196.0,219,415.0
588,St Nicholas Ave & W 150 St,St Nicholas Ave & W 150 St,204.0,212,416.0
589,4 Ave & 17 St,4 Ave & 17 St,196.0,221,417.0
590,Hart St & Wyckoff Ave,Hart St & Wyckoff Ave,205.0,212,417.0
591,Prospect Park SW & Greenwood Ave,Prospect Park SW & Greenwood Ave,194.0,223,417.0
592,Metropolitan Ave & Stewart Ave,Metropolitan Ave & Stewart Ave,214.0,205,419.0
593,Vernon Blvd & 31 Ave,Vernon Blvd & 31 Ave,209.0,211,420.0
594,38 St & 30 Ave,38 St & 30 Ave,235.0,185,420.0
595,Van Sinderen Ave & Truxton St,Van Sinderen Ave & Truxton St,180.0,241,421.0
596,10 St & 2 Ave,10 St & 2 Ave,208.0,213,421.0
597,Adam Clayton Powell Blvd & W 151 St,Adam Clayton Powell Blvd & W 151 St,225.0,196,421.0
598,Astoria Park S & Shore Blvd,Astoria Park S & Shore Blvd,204.0,217,421.0
599,Steinway St & 28 Ave,Steinway St & 28 Ave,206.0,215,421.0
600,W 129 St & Convent Ave,W 129 St & Convent Ave,202.0,220,422.0
601,Broadway & W 131 St,Broadway & W 131 St,221.0,201,422.0
602,7 Ave & 17 St,7 Ave & 17 St,223.0,200,423.0
603,Riverside Dr & W 153 St,Riverside Dr & W 153 St,190.0,233,423.0
604,Amsterdam Ave & W 136 St,Amsterdam Ave & W 136 St,216.0,207,423.0
605,9 St & 44 Rd,9 St & 44 Rd,223.0,201,424.0
606,24 St & 5 Ave,24 St & 5 Ave,220.0,205,425.0
607,Powers St & Olive St,Powers St & Olive St,206.0,219,425.0
608,Greene Ave & Grandview Ave,Greene Ave & Grandview Ave,208.0,217,425.0
609,Grand Concourse & E 167 St,Grand Concourse & E 167 St,205.0,220,425.0
610,48 Ave & 31 St,48 Ave & 31 St,224.0,202,426.0
611,49 Ave & 21 St,49 Ave & 21 St,216.0,210,426.0
612,36 St & 4 Ave,36 St & 4 Ave,211.0,218,429.0
613,31 St & Northern Blvd,31 St & Northern Blvd,227.0,203,430.0
614,Frederick Douglass Blvd & W 139 St,Frederick Douglass Blvd & W 139 St,201.0,230,431.0
615,St Nicholas Ave & W 137 St,St Nicholas Ave & W 137 St,226.0,205,431.0
616,Menahan St & Central Ave,Menahan St & Central Ave,216.0,216,432.0
617,Windsor Pl & 8 Ave,Windsor Pl & 8 Ave,219.0,214,433.0
618,Bradhurst Ave & W 148 St,Bradhurst Ave & W 148 St,202.0,233,435.0
619,21 St & Queens Plaza North,21 St & Queens Plaza North,233.0,202,435.0
620,34 Ave & 38 St,34 Ave & 38 St,223.0,212,435.0
621,Icahn Stadium,Icahn Stadium,219.0,217,436.0
622,11 St & 43 Ave,11 St & 43 Ave,227.0,210,437.0
623,W 13 St & 7 Ave,W 13 St & 7 Ave,221.0,217,438.0
624,Madison St & Woodward Ave,Madison St & Woodward Ave,208.0,230,438.0
625,Prospect Park SW & Vanderbilt St,Prospect Park SW & Vanderbilt St,213.0,226,439.0
626,31 Ave & Steinway St,31 Ave & Steinway St,212.0,228,440.0
627,38 Ave & 29 St,38 Ave & 29 St,219.0,221,440.0
628,Carroll St & Franklin Ave,Carroll St & Franklin Ave,214.0,226,440.0
629,E 118 St & 3 Ave,E 118 St & 3 Ave,219.0,222,441.0
630,E 123 St & Lexington Ave,E 123 St & Lexington Ave,218.0,225,443.0
631,Coffey St & Conover St,Coffey St & Conover St,196.0,247,443.0
632,E 106 St & 1 Ave,E 106 St & 1 Ave,203.0,241,444.0
633,47 Ave & 31 St,47 Ave & 31 St,216.0,230,446.0
634,Madison St & Evergreen Ave,Madison St & Evergreen Ave,231.0,215,446.0
635,3 Ave & Carroll St,3 Ave & Carroll St,224.0,223,447.0
636,Harrison Pl & Porter Ave,Harrison Pl & Porter Ave,228.0,220,448.0
637,Withers St & Kingsland Ave,Withers St & Kingsland Ave,226.0,222,448.0
638,3 Ave & E 112 St,3 Ave & E 112 St,214.0,236,450.0
639,Columbia St & Kane St,Columbia St & Kane St,222.0,229,451.0
640,24 St & 41 Ave,24 St & 41 Ave,247.0,205,452.0
641,Irving Ave & Halsey St,Irving Ave & Halsey St,221.0,231,452.0
642,34 St & 35 Ave,34 St & 35 Ave,208.0,244,452.0
643,W 145 St & Amsterdam Ave,W 145 St & Amsterdam Ave,232.0,221,453.0
644,48 Ave & 5 St,48 Ave & 5 St,228.0,226,454.0
645,3 Ave & 14 St,3 Ave & 14 St,228.0,228,456.0
646,Broadway & W 142 St,Broadway & W 142 St,224.0,233,457.0
647,35 St & 30 Ave,35 St & 30 Ave,208.0,249,457.0
648,5 Ave & 41 St,5 Ave & 41 St,228.0,229,457.0
649,Morningside Dr & Amsterdam Ave,Morningside Dr & Amsterdam Ave,241.0,217,458.0
650,Irving Ave & Palmetto St,Irving Ave & Palmetto St,230.0,231,461.0
651,31 Ave & 30 St,31 Ave & 30 St,236.0,225,461.0
652,Prospect Park SW & 16 St,Prospect Park SW & 16 St,228.0,234,462.0
653,3 St & Hoyt St,3 St & Hoyt St,212.0,250,462.0
654,Wyckoff Ave & Gates Ave,Wyckoff Ave & Gates Ave,271.0,192,463.0
655,Broadway & W 168 St,Broadway & W 168 St,239.0,225,464.0
656,E 102 St & Park Ave,E 102 St & Park Ave,254.0,210,464.0
657,36 St & 3 Ave,36 St & 3 Ave,226.0,238,464.0
658,40 Ave & Crescent St,40 Ave & Crescent St,247.0,218,465.0
659,35 Ave & 37 St,35 Ave & 37 St,230.0,236,466.0
660,Prospect Park SW & 10 Ave,Prospect Park SW & 10 Ave,246.0,220,466.0
661,W 144 St & Adam Clayton Powell Blvd,W 144 St & Adam Clayton Powell Blvd,227.0,240,467.0
662,Central Ave & Weirfield St,Central Ave & Weirfield St,223.0,245,468.0
663,W 168th S & Fort Washington Ave,W 168th S & Fort Washington Ave,268.0,200,468.0
664,Forest Ave & Summerfield St,Forest Ave & Summerfield St,215.0,253,468.0
665,Central Ave & Flushing Ave,Central Ave & Flushing Ave,233.0,236,469.0
666,E Fordham Rd & Webster Ave,E Fordham Rd & Webster Ave,215.0,254,469.0
667,Adam Clayton Powell Blvd & W 130 St,Adam Clayton Powell Blvd & W 130 St,235.0,235,470.0
668,E 106 St & 2 Ave,E 106 St & 2 Ave,225.0,246,471.0
669,Coffey St & Ferris St,Coffey St & Ferris St,234.0,237,471.0
670,Knickerbocker Ave & Halsey St,Knickerbocker Ave & Halsey St,237.0,235,472.0
671,Frederick Douglass Blvd & W 129 St,Frederick Douglass Blvd & W 129 St,240.0,232,472.0
672,Jefferson Ave & Evergreen Ave,Jefferson Ave & Evergreen Ave,228.0,245,473.0
673,21 St & 43 Ave,21 St & 43 Ave,252.0,221,473.0
674,Bushwick Ave & Stagg St,Bushwick Ave & Stagg St,239.0,234,473.0
675,Congress St & Hicks St,Congress St & Hicks St,227.0,247,474.0
676,Plaza Dr & W 170 St,Plaza Dr & W 170 St,229.0,245,474.0
677,Frederick Douglass Blvd & W 145 St,Frederick Douglass Blvd & W 145 St,236.0,238,474.0
678,Wadsworth Ave & W 179 St,Wadsworth Ave & W 179 St,249.0,227,476.0
679,W 133 St & 12 Ave,W 133 St & 12 Ave,252.0,224,476.0
680,48 St & 37 Ave,48 St & 37 Ave,225.0,253,478.0
681,Central Ave & Himrod St,Central Ave & Himrod St,234.0,244,478.0
682,Madison St & Forest Ave,Madison St & Forest Ave,236.0,244,480.0
683,Lincoln Ave & E 138 St,Lincoln Ave & E 138 St,243.0,238,481.0
684,Adam Clayton Powell Blvd & W 141 St,Adam Clayton Powell Blvd & W 141 St,243.0,238,481.0
685,Melrose Ave & E 150 St,Melrose Ave & E 150 St,253.0,228,481.0
686,21 St & 4 Ave,21 St & 4 Ave,251.0,233,484.0
687,Bridge St & York St,Bridge St & York St,237.0,247,484.0
688,Broadway & W 155 St,Broadway & W 155 St,246.0,239,485.0
689,Motorgate,Motorgate,235.0,251,486.0
690,Lorimer St & Broadway,Lorimer St & Broadway,246.0,240,486.0
691,5 Ave & W 131 St,5 Ave & W 131 St,236.0,252,488.0
692,River Ave & E 151 St,River Ave & E 151 St,246.0,242,488.0
693,Lenox Ave & W 133 St,Lenox Ave & W 133 St,255.0,233,488.0
694,Graham Ave & Herbert St,Graham Ave & Herbert St,241.0,249,490.0
695,E 98 St & Park Ave,E 98 St & Park Ave,250.0,241,491.0
696,Central Ave & Woodbine St,Central Ave & Woodbine St,235.0,256,491.0
697,Lexington Ave & E 120 St,Lexington Ave & E 120 St,241.0,253,494.0
698,36 Ave & 31 St,36 Ave & 31 St,252.0,243,495.0
699,31 Ave & Crescent St,31 Ave & Crescent St,248.0,250,498.0
700,E 115 St & Madison Ave,E 115 St & Madison Ave,233.0,265,498.0
701,Pleasant Ave & E 120 St,Pleasant Ave & E 120 St,227.0,272,499.0
702,Engert Ave & McGuinness Blvd,Engert Ave & McGuinness Blvd,251.0,248,499.0
703,Windsor Pl & Howard Pl,Windsor Pl & Howard Pl,262.0,238,500.0
704,35 St & Broadway,35 St & Broadway,243.0,258,501.0
705,Park Cir & East Dr,Park Cir & East Dr,233.0,269,502.0
706,Bushwick Ave & McKibbin St,Bushwick Ave & McKibbin St,256.0,247,503.0
707,5 St & 6 Ave,5 St & 6 Ave,243.0,261,504.0
708,3 Ave & E 100 St,3 Ave & E 100 St,239.0,266,505.0
709,Steinway St & Broadway,Steinway St & Broadway,251.0,254,505.0
710,W 148 St & Amsterdam Ave,W 148 St & Amsterdam Ave,237.0,269,506.0
711,Center Blvd & 48 Ave,Center Blvd & 48 Ave,235.0,271,506.0
712,W 120 St & Claremont Ave,W 120 St & Claremont Ave,260.0,247,507.0
713,Willis Ave & E 137 St,Willis Ave & E 137 St,248.0,260,508.0
714,E 115 St & Lexington Ave,E 115 St & Lexington Ave,253.0,255,508.0
715,Cedar St & Myrtle Ave,Cedar St & Myrtle Ave,257.0,252,509.0
716,Flushing Ave & Woodward Ave,Flushing Ave & Woodward Ave,240.0,269,509.0
717,31 St & Newtown Ave,31 St & Newtown Ave,241.0,269,510.0
718,Columbus Ave & W 103 St,Columbus Ave & W 103 St,251.0,259,510.0
719,Adam Clayton Powell Blvd & W 132 St,Adam Clayton Powell Blvd & W 132 St,257.0,254,511.0
720,Pacific St & Classon Ave,Pacific St & Classon Ave,289.0,222,511.0
721,W 146 St & Broadway,W 146 St & Broadway,255.0,257,512.0
722,Sullivan Pl & Franklin Ave,Sullivan Pl & Franklin Ave,237.0,276,513.0
723,2 Ave & E 122 St,2 Ave & E 122 St,251.0,262,513.0
724,31 St & Broadway,31 St & Broadway,249.0,264,513.0
725,Crescent St & 34 Ave,Crescent St & 34 Ave,265.0,251,516.0
726,Richardson St & N Henry St,Richardson St & N Henry St,248.0,270,518.0
727,Bedford Ave & Montgomery St,Bedford Ave & Montgomery St,259.0,260,519.0
728,Madison Ave & E 120 St,Madison Ave & E 120 St,262.0,261,523.0
729,Carroll St & Washington Ave,Carroll St & Washington Ave,264.0,260,524.0
730,Stewart Ave & Johnson Ave,Stewart Ave & Johnson Ave,267.0,258,525.0
731,St Nicholas Ave & W 134 St,St Nicholas Ave & W 134 St,265.0,260,525.0
732,Edgecombe Ave & W 145 St,Edgecombe Ave & W 145 St,251.0,275,526.0
733,Stagg St & Morgan Ave,Stagg St & Morgan Ave,257.0,270,527.0
734,31 St & Thomson Ave,31 St & Thomson Ave,260.0,267,527.0
735,Devoe St & Morgan Ave,Devoe St & Morgan Ave,251.0,277,528.0
736,E 103 St & Lexington Ave,E 103 St & Lexington Ave,266.0,262,528.0
737,Columbia St & Degraw St,Columbia St & Degraw St,268.0,260,528.0
738,Humboldt St & Varet St,Humboldt St & Varet St,260.0,269,529.0
739,Van Buren St & Broadway,Van Buren St & Broadway,266.0,263,529.0
740,Park Ave & St Edwards St,Park Ave & St Edwards St,257.0,272,529.0
741,W 181 St & Riverside Dr,W 181 St & Riverside Dr,260.0,270,530.0
742,17 St & 5 Ave,17 St & 5 Ave,265.0,267,532.0
743,Riverside Dr & W 145 St,Riverside Dr & W 145 St,276.0,257,533.0
744,Vernon Blvd & 47 Rd,Vernon Blvd & 47 Rd,266.0,269,535.0
745,E 118 St & Madison Ave,E 118 St & Madison Ave,272.0,264,536.0
746,Carroll St & Columbia St,Carroll St & Columbia St,246.0,290,536.0
747,Lenox Ave & W 140 St,Lenox Ave & W 140 St,262.0,275,537.0
748,E 116 St & 2 Ave,E 116 St & 2 Ave,276.0,262,538.0
749,E 106 St & Lexington Ave,E 106 St & Lexington Ave,267.0,272,539.0
750,Pioneer St & Van Brunt St,Pioneer St & Van Brunt St,257.0,282,539.0
751,Irving Ave & Harman St,Irving Ave & Harman St,259.0,281,540.0
752,2 Ave & E 125 St,2 Ave & E 125 St,261.0,279,540.0
753,Smith St & 9 St,Smith St & 9 St,261.0,280,541.0
754,Edgecombe Ave & W 141 St,Edgecombe Ave & W 141 St,263.0,278,541.0
755,2 Ave & E 104 St,2 Ave & E 104 St,262.0,280,542.0
756,E 17 St & 2 Ave,E 17 St & 2 Ave,280.0,263,543.0
757,Morningside Ave & W 123 St,Morningside Ave & W 123 St,271.0,273,544.0
758,Willoughby St & Ashland Pl,Willoughby St & Ashland Pl,268.0,276,544.0
759,Bushwick Ave & Linden St,Bushwick Ave & Linden St,283.0,264,547.0
760,E 97 St & 3 Ave,E 97 St & 3 Ave,267.0,281,548.0
761,Cedar St & Evergreen Ave,Cedar St & Evergreen Ave,296.0,253,549.0
762,6 Ave & 21 St,6 Ave & 21 St,259.0,290,549.0
763,Union Ave & Wallabout St,Union Ave & Wallabout St,286.0,264,550.0
764,E 114 St & 1 Ave,E 114 St & 1 Ave,251.0,301,552.0
765,Manhattan Av & Leonard St,Manhattan Av & Leonard St,275.0,277,552.0
766,5 St & Market St,5 St & Market St,278.0,274,552.0
767,7 St & 3 Ave,7 St & 3 Ave,271.0,281,552.0
768,2 Ave & E 99 St,2 Ave & E 99 St,265.0,290,555.0
769,Riverside Dr & W 138 St,Riverside Dr & W 138 St,286.0,270,556.0
770,Grand Concourse & E 161 St,Grand Concourse & E 161 St,278.0,279,557.0
771,E 58 St & Madison Ave,E 58 St & Madison Ave,304.0,254,558.0
772,Park Ave & Marcus Garvey Blvd,Park Ave & Marcus Garvey Blvd,300.0,258,558.0
773,Broadway & Hancock St,Broadway & Hancock St,281.0,277,558.0
774,Broadway & W 122 St,Broadway & W 122 St,278.0,282,560.0
775,Jackson St & Leonard St,Jackson St & Leonard St,276.0,286,562.0
776,Rockaway Ave & Bainbridge St,Rockaway Ave & Bainbridge St,278.0,284,562.0
777,Morgan Ave & Lombardy St,Morgan Ave & Lombardy St,279.0,284,563.0
778,Amsterdam Ave & W 119 St,Amsterdam Ave & W 119 St,288.0,276,564.0
779,Crescent St & 30 Ave,Crescent St & 30 Ave,273.0,291,564.0
780,Bushwick Ave & Forrest St,Bushwick Ave & Forrest St,279.0,286,565.0
781,Central Ave & Melrose St,Central Ave & Melrose St,283.0,282,565.0
782,St James Pl & Pearl St,St James Pl & Pearl St,275.0,290,565.0
783,W 116 St & Amsterdam Ave,W 116 St & Amsterdam Ave,297.0,268,565.0
784,Broadway & Moylan Pl,Broadway & Moylan Pl,272.0,293,565.0
785,3 St & 3 Ave,3 St & 3 Ave,262.0,304,566.0
786,Broadway & W 160 St,Broadway & W 160 St,265.0,302,567.0
787,43 St & 37 Ave,43 St & 37 Ave,268.0,300,568.0
788,Wards Meadow Comfort Station,Wards Meadow Comfort Station,272.0,296,568.0
789,31 Ave & 34 St,31 Ave & 34 St,273.0,296,569.0
790,Broadway & W 133 St,Broadway & W 133 St,268.0,301,569.0
791,Van Brunt St & Wolcott St,Van Brunt St & Wolcott St,276.0,293,569.0
792,62 St & Northern Blvd,62 St & Northern Blvd,249.0,321,570.0
793,Lenox Ave & W 115 St,Lenox Ave & W 115 St,284.0,286,570.0
794,Clinton St & 4 Place,Clinton St & 4 Place,285.0,289,574.0
795,Avenue D & E 10 St,Avenue D & E 10 St,290.0,290,580.0
796,Madison St & Clinton St,Madison St & Clinton St,280.0,302,582.0
797,Greene Av & Myrtle Av,Greene Av & Myrtle Av,290.0,295,585.0
798,6 Ave & 12 St,6 Ave & 12 St,303.0,282,585.0
799,Tompkins Ave & Hopkins St,Tompkins Ave & Hopkins St,293.0,292,585.0
800,12 St & 4 Ave,12 St & 4 Ave,292.0,296,588.0
801,Adam Clayton Powell Blvd & W 115 St,Adam Clayton Powell Blvd & W 115 St,284.0,304,588.0
802,E 118 St & 1 Ave,E 118 St & 1 Ave,291.0,298,589.0
803,Pleasant Ave & E 116 St,Pleasant Ave & E 116 St,279.0,311,590.0
804,Albany Ave & Fulton St,Albany Ave & Fulton St,291.0,300,591.0
805,Bushwick Ave & Dekalb Ave,Bushwick Ave & Dekalb Ave,315.0,277,592.0
806,Sharon St & Olive St,Sharon St & Olive St,284.0,309,593.0
807,Carroll St & Bond St,Carroll St & Bond St,288.0,308,596.0
808,Jefferson St & Cypress Ave,Jefferson St & Cypress Ave,297.0,300,597.0
809,Ave D & E 8 St,Ave D & E 8 St,290.0,308,598.0
810,Lenox Ave & W 130 St,Lenox Ave & W 130 St,275.0,323,598.0
811,Center Blvd & 51 Ave,Center Blvd & 51 Ave,289.0,311,600.0
812,1 St & 6 Ave,1 St & 6 Ave,303.0,297,600.0
813,Sterling St & Bedford Ave,Sterling St & Bedford Ave,299.0,304,603.0
814,5 Ave & W 126 St,5 Ave & W 126 St,294.0,310,604.0
815,Court St & Nelson St,Court St & Nelson St,297.0,310,607.0
816,Calyer St & Jewel St,Calyer St & Jewel St,292.0,315,607.0
817,George St & Wilson Ave,George St & Wilson Ave,294.0,316,610.0
818,Wyckoff Av & Stanhope St,Wyckoff Av & Stanhope St,304.0,308,612.0
819,Crescent St & Broadway,Crescent St & Broadway,291.0,321,612.0
820,Degraw St & Hoyt St,Degraw St & Hoyt St,294.0,321,615.0
821,Leonard St & Boerum St,Leonard St & Boerum St,315.0,300,615.0
822,4 Ave & 3 St,4 Ave & 3 St,306.0,309,615.0
823,McKibbin St & Bogart St,McKibbin St & Bogart St,309.0,308,617.0
824,Knickerbocker Ave & Thames St,Knickerbocker Ave & Thames St,308.0,310,618.0
825,Graham Ave & Withers St,Graham Ave & Withers St,301.0,318,619.0
826,Greenwich St & Rector St,Greenwich St & Rector St,304.0,316,620.0
827,Willoughby Ave & Wyckoff Ave,Willoughby Ave & Wyckoff Ave,309.0,311,620.0
828,West End Ave & W 94 St,West End Ave & W 94 St,295.0,327,622.0
829,10 St & 5 Ave,10 St & 5 Ave,306.0,320,626.0
830,1 Pl & Clinton St,1 Pl & Clinton St,301.0,325,626.0
831,Waterbury St & Stagg St,Waterbury St & Stagg St,318.0,309,627.0
832,E 102 St & 1 Ave,E 102 St & 1 Ave,298.0,329,627.0
833,Nostrand Ave & Myrtle Ave,Nostrand Ave & Myrtle Ave,307.0,321,628.0
834,Irving Ave & DeKalb Ave,Irving Ave & DeKalb Ave,299.0,330,629.0
835,Amsterdam Ave & W 125 St,Amsterdam Ave & W 125 St,289.0,340,629.0
836,Halsey St & Broadway,Halsey St & Broadway,298.0,331,629.0
837,Van Brunt St & Van Dyke St,Van Brunt St & Van Dyke St,304.0,325,629.0
838,Knickerbocker Ave & George St,Knickerbocker Ave & George St,326.0,307,633.0
839,White St & Moore St,White St & Moore St,317.0,316,633.0
840,Mt Morris Park W & W 120 St,Mt Morris Park W & W 120 St,315.0,320,635.0
841,W 35 St & Dyer Ave,W 35 St & Dyer Ave,339.0,296,635.0
842,14 St & 5 Ave,14 St & 5 Ave,302.0,333,635.0
843,45 Rd & 11 St,45 Rd & 11 St,317.0,319,636.0
844,Lexington Ave & E 111 St,Lexington Ave & E 111 St,306.0,330,636.0
845,Bushwick Ave & Harman St,Bushwick Ave & Harman St,317.0,319,636.0
846,Division Ave & Marcy Ave,Division Ave & Marcy Ave,322.0,314,636.0
847,Pitt St & Stanton St,Pitt St & Stanton St,308.0,329,637.0
848,Lincoln Pl & Classon Ave,Lincoln Pl & Classon Ave,327.0,311,638.0
849,W 107 St & Columbus Ave,W 107 St & Columbus Ave,321.0,317,638.0
850,East End Ave & E 86 St,East End Ave & E 86 St,323.0,316,639.0
851,E 95 St & 3 Ave,E 95 St & 3 Ave,331.0,308,639.0
852,Union St & Nevins St,Union St & Nevins St,312.0,327,639.0
853,McKibbin St & Manhattan Ave,McKibbin St & Manhattan Ave,324.0,315,639.0
854,E 106 St & Madison Ave,E 106 St & Madison Ave,304.0,335,639.0
855,Bond St & Bergen St,Bond St & Bergen St,342.0,299,641.0
856,Laight St & Hudson St,Laight St & Hudson St,327.0,314,641.0
857,Adam Clayton Powell Blvd & W 138 St,Adam Clayton Powell Blvd & W 138 St,306.0,337,643.0
858,Lefferts Pl & Franklin Ave,Lefferts Pl & Franklin Ave,309.0,336,645.0
859,7 St & 5 Ave,7 St & 5 Ave,321.0,324,645.0
860,Henry St & Degraw St,Henry St & Degraw St,324.0,321,645.0
861,Putnam Ave & Nostrand Ave,Putnam Ave & Nostrand Ave,330.0,320,650.0
862,45 Ave & 21 St,45 Ave & 21 St,322.0,329,651.0
863,Columbus Ave & W 95 St,Columbus Ave & W 95 St,323.0,328,651.0
864,Stanton St & Mangin St,Stanton St & Mangin St,318.0,335,653.0
865,Throop Ave & Myrtle Ave,Throop Ave & Myrtle Ave,332.0,322,654.0
866,Catherine St & Monroe St,Catherine St & Monroe St,320.0,335,655.0
867,Madison St & Montgomery St,Madison St & Montgomery St,333.0,322,655.0
868,Front St & Gold St,Front St & Gold St,307.0,349,656.0
869,14 St & 7 Ave,14 St & 7 Ave,322.0,334,656.0
870,Butler St & Court St,Butler St & Court St,330.0,327,657.0
871,Myrtle Ave & Lewis Ave,Myrtle Ave & Lewis Ave,336.0,321,657.0
872,W 111 St & 5 Ave,W 111 St & 5 Ave,314.0,343,657.0
873,Columbia St & Rivington St,Columbia St & Rivington St,339.0,321,660.0
874,Calyer St & Guernsey St,Calyer St & Guernsey St,318.0,343,661.0
875,Berkeley Pl & 6 Ave,Berkeley Pl & 6 Ave,316.0,348,664.0
876,Madison Ave & E 99 St,Madison Ave & E 99 St,335.0,330,665.0
877,Stockholm St & Wilson Ave,Stockholm St & Wilson Ave,327.0,340,667.0
878,Wyckoff St & Nevins St,Wyckoff St & Nevins St,312.0,355,667.0
879,Irving Ave & Jefferson St,Irving Ave & Jefferson St,319.0,349,668.0
880,Adam Clayton Powell Blvd & W 118 St,Adam Clayton Powell Blvd & W 118 St,317.0,352,669.0
881,E 81 St & Park Ave,E 81 St & Park Ave,351.0,319,670.0
882,Kingsland Ave & Nassau Ave,Kingsland Ave & Nassau Ave,333.0,337,670.0
883,Monroe St & Classon Ave,Monroe St & Classon Ave,334.0,336,670.0
884,E 82 St & East End Ave,E 82 St & East End Ave,349.0,322,671.0
885,Frost St & Meeker Ave,Frost St & Meeker Ave,332.0,340,672.0
886,1 Ave & E 110 St,1 Ave & E 110 St,317.0,355,672.0
887,Spruce St & Gold St,Spruce St & Gold St,332.0,341,673.0
888,Broadway & Whipple St,Broadway & Whipple St,331.0,343,674.0
889,Verona Pl & Fulton St,Verona Pl & Fulton St,331.0,344,675.0
890,Lewis Ave & Decatur St,Lewis Ave & Decatur St,337.0,338,675.0
891,Marcus Garvey Blvd & Macon St,Marcus Garvey Blvd & Macon St,338.0,337,675.0
892,Franklin Ave & Myrtle Ave,Franklin Ave & Myrtle Ave,330.0,345,675.0
893,Warren St & Court St,Warren St & Court St,318.0,357,675.0
894,Hudson Blvd E & W 36 St,Hudson Blvd E & W 36 St,365.0,311,676.0
895,Myrtle Ave & Marcy Ave,Myrtle Ave & Marcy Ave,348.0,328,676.0
896,E 93 St & 2 Ave,E 93 St & 2 Ave,347.0,330,677.0
897,E 35 St & Madison Ave,E 35 St & Madison Ave,363.0,316,679.0
898,6 Ave & 9 St,6 Ave & 9 St,335.0,344,679.0
899,6 St & 7 Ave,6 St & 7 Ave,355.0,324,679.0
900,Smith St & 3 St,Smith St & 3 St,338.0,342,680.0
901,Evergreen Ave & Noll St,Evergreen Ave & Noll St,324.0,356,680.0
902,Wyckoff Av & Jefferson St,Wyckoff Av & Jefferson St,346.0,336,682.0
903,W 116 St & Broadway,W 116 St & Broadway,337.0,347,684.0
904,Central Ave & Starr Street,Central Ave & Starr Street,326.0,359,685.0
905,Beaver St & Fayette St,Beaver St & Fayette St,337.0,350,687.0
906,Park Ave & E 124 St,Park Ave & E 124 St,362.0,326,688.0
907,E 85 St & York Ave,E 85 St & York Ave,338.0,351,689.0
908,Adam Clayton Powell Blvd & W 123 St,Adam Clayton Powell Blvd & W 123 St,336.0,355,691.0
909,Bedford Ave & S 9 St,Bedford Ave & S 9 St,330.0,364,694.0
910,St Marks Pl & 4 Ave,St Marks Pl & 4 Ave,350.0,344,694.0
911,E 67 St & Park Ave,E 67 St & Park Ave,350.0,345,695.0
912,Broadway & Madison St,Broadway & Madison St,353.0,343,696.0
913,W 104 St & Amsterdam Ave,W 104 St & Amsterdam Ave,361.0,339,700.0
914,President St & 4 Ave,President St & 4 Ave,362.0,339,701.0
915,Pulaski St & Marcus Garvey Blvd,Pulaski St & Marcus Garvey Blvd,345.0,358,703.0
916,Degraw St & Smith St,Degraw St & Smith St,354.0,351,705.0
917,Bialystoker Pl & Delancey St,Bialystoker Pl & Delancey St,369.0,338,707.0
918,Carroll St & 6 Ave,Carroll St & 6 Ave,342.0,366,708.0
919,Vernon Blvd & 50 Ave,Vernon Blvd & 50 Ave,363.0,347,710.0
920,Ashland Pl & Dekalb Ave,Ashland Pl & Dekalb Ave,364.0,347,711.0
921,Cherry St,Cherry St,362.0,349,711.0
922,Pike St & Monroe St,Pike St & Monroe St,357.0,355,712.0
923,N 15 St & Wythe Ave,N 15 St & Wythe Ave,335.0,378,713.0
924,Fulton St & Clermont Ave,Fulton St & Clermont Ave,347.0,368,715.0
925,Dock 72 Way & Market St,Dock 72 Way & Market St,356.0,360,716.0
926,Bayard St & Leonard St,Bayard St & Leonard St,336.0,381,717.0
927,Myrtle Ave & St Edwards St,Myrtle Ave & St Edwards St,349.0,370,719.0
928,Suydam St & Knickerbocker Ave,Suydam St & Knickerbocker Ave,369.0,352,721.0
929,Clinton St & Union St,Clinton St & Union St,362.0,360,722.0
930,Columbia Heights & Cranberry St,Columbia Heights & Cranberry St,347.0,376,723.0
931,Nassau St & Navy St,Nassau St & Navy St,359.0,365,724.0
932,India St Pier,India St Pier,354.0,372,726.0
933,Jackson Ave & 46 Rd,Jackson Ave & 46 Rd,339.0,387,726.0
934,Underhill Ave & Pacific St,Underhill Ave & Pacific St,362.0,364,726.0
935,Warren St & Smith St,Warren St & Smith St,368.0,358,726.0
936,Avenue D & E 3 St,Avenue D & E 3 St,367.0,361,728.0
937,W 113 St & Broadway,W 113 St & Broadway,369.0,359,728.0
938,Avenue C & E 18 St,Avenue C & E 18 St,367.0,362,729.0
939,Lenox Ave & W 117 St,Lenox Ave & W 117 St,349.0,381,730.0
940,Grand Ave & Bergen St,Grand Ave & Bergen St,380.0,351,731.0
941,Union St & Bedford Ave,Union St & Bedford Ave,367.0,365,732.0
942,W 90 St & Amsterdam Ave,W 90 St & Amsterdam Ave,374.0,358,732.0
943,Union St & 4 Ave,Union St & 4 Ave,357.0,376,733.0
944,E 60 St & York Ave,E 60 St & York Ave,386.0,347,733.0
945,E 97 St & Madison Ave,E 97 St & Madison Ave,344.0,391,735.0
946,Garfield Pl & 8 Ave,Garfield Pl & 8 Ave,378.0,357,735.0
947,28 St & 41 Ave,28 St & 41 Ave,365.0,371,736.0
948,Cadman Plaza E & Red Cross Pl,Cadman Plaza E & Red Cross Pl,367.0,369,736.0
949,E 12 St & Ave C,E 12 St & Ave C,378.0,359,737.0
950,Willoughby Ave & Walworth St,Willoughby Ave & Walworth St,362.0,375,737.0
951,Henry St & Middagh St,Henry St & Middagh St,374.0,363,737.0
952,Underhill Ave & Lincoln Pl,Underhill Ave & Lincoln Pl,373.0,367,740.0
953,Kosciuszko St & Nostrand Ave,Kosciuszko St & Nostrand Ave,384.0,358,742.0
954,Macon St & Nostrand Ave,Macon St & Nostrand Ave,372.0,371,743.0
955,Market St & Cherry St,Market St & Cherry St,384.0,361,745.0
956,Cambridge Pl & Gates Ave,Cambridge Pl & Gates Ave,370.0,375,745.0
957,4 Ave & 9 St,4 Ave & 9 St,369.0,378,747.0
958,E 161 St & River Ave,E 161 St & River Ave,368.0,379,747.0
959,West End Ave & W 78 St,West End Ave & W 78 St,379.0,369,748.0
960,Wilson Ave & Troutman St,Wilson Ave & Troutman St,372.0,378,750.0
961,Concord St & Bridge St,Concord St & Bridge St,371.0,381,752.0
962,E 66 St & Madison Ave,E 66 St & Madison Ave,373.0,380,753.0
963,E 91 St & Park Ave,E 91 St & Park Ave,386.0,368,754.0
964,46 Ave & 5 St,46 Ave & 5 St,368.0,387,755.0
965,Clinton St & Cherry St,Clinton St & Cherry St,379.0,376,755.0
966,Carroll St & 5 Ave,Carroll St & 5 Ave,354.0,403,757.0
967,Henry St & Remsen St,Henry St & Remsen St,348.0,410,758.0
968,Adams St & Prospect St,Adams St & Prospect St,375.0,383,758.0
969,Pacific St & Nevins St,Pacific St & Nevins St,369.0,391,760.0
970,Duane St & Hudson St,Duane St & Hudson St,384.0,376,760.0
971,E 89 St & York Ave,E 89 St & York Ave,379.0,382,761.0
972,Eastern Pkwy & Washington Ave,Eastern Pkwy & Washington Ave,385.0,376,761.0
973,Halsey St & Tompkins Ave,Halsey St & Tompkins Ave,362.0,399,761.0
974,27 St & Hunter St,27 St & Hunter St,366.0,395,761.0
975,Park Pl & Franklin Ave,Park Pl & Franklin Ave,374.0,388,762.0
976,Douglass St & 3 Ave,Douglass St & 3 Ave,370.0,392,762.0
977,1 Ave & E 94 St,1 Ave & E 94 St,354.0,408,762.0
978,Prospect Pl & 6 Ave,Prospect Pl & 6 Ave,385.0,378,763.0
979,8 Ave & W 24 St,8 Ave & W 24 St,382.0,381,763.0
980,West End Ave & W 107 St,West End Ave & W 107 St,385.0,379,764.0
981,South St & Pike St,South St & Pike St,394.0,370,764.0
982,Greene Ave & Throop Ave,Greene Ave & Throop Ave,384.0,381,765.0
983,Rogers Ave & Sterling St,Rogers Ave & Sterling St,378.0,387,765.0
984,Fulton St & Irving Pl,Fulton St & Irving Pl,392.0,374,766.0
985,Hancock St & Bedford Ave,Hancock St & Bedford Ave,383.0,384,767.0
986,Sterling Pl & 5 Ave,Sterling Pl & 5 Ave,375.0,392,767.0
987,St Nicholas Ave & Manhattan Ave,St Nicholas Ave & Manhattan Ave,365.0,402,767.0
988,W 110 St & Amsterdam Ave,W 110 St & Amsterdam Ave,376.0,392,768.0
989,W 18 St & 9 Ave,W 18 St & 9 Ave,394.0,374,768.0
990,St. Nicholas Ave & W 126 St,St. Nicholas Ave & W 126 St,376.0,393,769.0
991,Division Ave & Hooper St,Division Ave & Hooper St,379.0,391,770.0
992,Lenox Ave & W 126 St,Lenox Ave & W 126 St,383.0,387,770.0
993,Congress St & Clinton St,Congress St & Clinton St,398.0,374,772.0
994,Willoughby Ave & Myrtle Ave,Willoughby Ave & Myrtle Ave,370.0,405,775.0
995,3 Ave & E 72 St,3 Ave & E 72 St,412.0,363,775.0
996,Rutgers St & Henry St,Rutgers St & Henry St,390.0,386,776.0
997,W 92 St & Broadway,W 92 St & Broadway,404.0,372,776.0
998,Boerum St & Broadway,Boerum St & Broadway,371.0,407,778.0
999,W 87 St & West End Ave,W 87 St & West End Ave,386.0,392,778.0
1000,W 106 St & Amsterdam Ave,W 106 St & Amsterdam Ave,394.0,385,779.0
1001,Putnam Ave & Throop Ave,Putnam Ave & Throop Ave,394.0,385,779.0
1002,S Portland Ave & Hanson Pl,S Portland Ave & Hanson Pl,396.0,384,780.0
1003,Nevins St & Schermerhorn St,Nevins St & Schermerhorn St,374.0,407,781.0
1004,10 St & 7 Ave,10 St & 7 Ave,396.0,389,785.0
1005,Nassau Ave & Newell St,Nassau Ave & Newell St,389.0,398,787.0
1006,Washington St & Laight St,Washington St & Laight St,391.0,396,787.0
1007,Adam Clayton Powell Blvd & W 126 St,Adam Clayton Powell Blvd & W 126 St,375.0,412,787.0
1008,Lenox Ave & W 111 St,Lenox Ave & W 111 St,378.0,409,787.0
1009,Lewis Ave & Kosciuszko St,Lewis Ave & Kosciuszko St,383.0,405,788.0
1010,E 68 St & Madison Ave,E 68 St & Madison Ave,414.0,374,788.0
1011,Washington Ave & Greene Ave,Washington Ave & Greene Ave,395.0,393,788.0
1012,E 5 St & Avenue C,E 5 St & Avenue C,399.0,392,791.0
1013,Marcy Ave & Lafayette Ave,Marcy Ave & Lafayette Ave,403.0,388,791.0
1014,Broadway & Kosciuszko St,Broadway & Kosciuszko St,397.0,395,792.0
1015,Pierrepont St & Monroe Pl,Pierrepont St & Monroe Pl,406.0,386,792.0
1016,Clermont Ave & Park Ave,Clermont Ave & Park Ave,390.0,402,792.0
1017,Johnson St & Gold St,Johnson St & Gold St,386.0,406,792.0
1018,Driggs Ave & N Henry St,Driggs Ave & N Henry St,386.0,409,795.0
1019,Prospect Pl & Underhill Ave,Prospect Pl & Underhill Ave,397.0,401,798.0
1020,E 77 St & 3 Ave,E 77 St & 3 Ave,409.0,389,798.0
1021,Dock St & Front St,Dock St & Front St,406.0,392,798.0
1022,Barclay St & Church St,Barclay St & Church St,406.0,392,798.0
1023,5 Ave & E 103 St,5 Ave & E 103 St,397.0,402,799.0
1024,Fulton St & Utica Ave,Fulton St & Utica Ave,379.0,421,800.0
1025,Douglass St & 4 Ave,Douglass St & 4 Ave,397.0,403,800.0
1026,Classon Ave & St Marks Ave,Classon Ave & St Marks Ave,409.0,391,800.0
1027,Franklin Ave & St Marks Ave,Franklin Ave & St Marks Ave,388.0,412,800.0
1028,Clinton Ave & Flushing Ave,Clinton Ave & Flushing Ave,399.0,402,801.0
1029,E 9 St & 5 Ave,E 9 St & 5 Ave,399.0,403,802.0
1030,E Houston St & Columbia St,E Houston St & Columbia St,389.0,413,802.0
1031,E 81 St & 3 Ave,E 81 St & 3 Ave,413.0,389,802.0
1032,Union Ave & Jackson St,Union Ave & Jackson St,385.0,418,803.0
1033,Watts St & Greenwich St,Watts St & Greenwich St,386.0,419,805.0
1034,3 Ave & E 71 St,3 Ave & E 71 St,409.0,397,806.0
1035,5 Ave & 3 St,5 Ave & 3 St,391.0,416,807.0
1036,2 Ave & E 96 St,2 Ave & E 96 St,420.0,387,807.0
1037,Bushwick Ave & Powers St,Bushwick Ave & Powers St,396.0,411,807.0
1038,Driggs Ave & Lorimer St,Driggs Ave & Lorimer St,398.0,410,808.0
1039,Riverside Dr & W 78 St,Riverside Dr & W 78 St,410.0,398,808.0
1040,E 89 St & 3 Ave,E 89 St & 3 Ave,414.0,394,808.0
1041,Willoughby St & Fleet St,Willoughby St & Fleet St,392.0,417,809.0
1042,Lafayette Ave & St James Pl,Lafayette Ave & St James Pl,408.0,401,809.0
1043,Frederick Douglass Blvd & W 115 St,Frederick Douglass Blvd & W 115 St,403.0,406,809.0
1044,N Moore St & Hudson St,N Moore St & Hudson St,405.0,405,810.0
1045,E 68 St & 3 Ave,E 68 St & 3 Ave,417.0,394,811.0
1046,Clermont Ave & Lafayette Ave,Clermont Ave & Lafayette Ave,403.0,408,811.0
1047,44 Dr & Jackson Ave,44 Dr & Jackson Ave,412.0,399,811.0
1048,W 74 St & Columbus Ave,W 74 St & Columbus Ave,428.0,383,811.0
1049,3 St & 7 Ave,3 St & 7 Ave,406.0,406,812.0
1050,Monroe St & Tompkins Ave,Monroe St & Tompkins Ave,390.0,422,812.0
1051,Central Park W & W 103 St,Central Park W & W 103 St,409.0,405,814.0
1052,Harrison St & Hudson St,Harrison St & Hudson St,402.0,413,815.0
1053,Dean St & Hoyt St,Dean St & Hoyt St,363.0,453,816.0
1054,W 100 St & Manhattan Ave,W 100 St & Manhattan Ave,414.0,402,816.0
1055,E 75 St & 3 Ave,E 75 St & 3 Ave,430.0,387,817.0
1056,3 St & Prospect Park West,3 St & Prospect Park West,402.0,415,817.0
1057,E 88 St & Park Ave,E 88 St & Park Ave,408.0,409,817.0
1058,E 6 St & Avenue D,E 6 St & Avenue D,401.0,417,818.0
1059,Sands St Gate,Sands St Gate,402.0,417,819.0
1060,Kosciuszko St & Tompkins Ave,Kosciuszko St & Tompkins Ave,390.0,431,821.0
1061,Brooklyn Bridge Park - Pier 2,Brooklyn Bridge Park - Pier 2,380.0,442,822.0
1062,Willoughby Ave & Tompkins Ave,Willoughby Ave & Tompkins Ave,399.0,423,822.0
1063,Broad St & Bridge St,Broad St & Bridge St,413.0,410,823.0
1064,Grove St & Broadway,Grove St & Broadway,409.0,415,824.0
1065,E 81 St & York Ave,E 81 St & York Ave,424.0,400,824.0
1066,5 Ave & E 93 St,5 Ave & E 93 St,413.0,411,824.0
1067,Greenwich St & Hubert St,Greenwich St & Hubert St,405.0,419,824.0
1068,Lewis Ave & Madison St,Lewis Ave & Madison St,392.0,432,824.0
1069,Montague St & Clinton St,Montague St & Clinton St,405.0,420,825.0
1070,Prospect Park West & 8 St,Prospect Park West & 8 St,416.0,410,826.0
1071,Parade Pl & Crooke Ave,Parade Pl & Crooke Ave,394.0,435,829.0
1072,DeKalb Ave & Hudson Ave,DeKalb Ave & Hudson Ave,443.0,386,829.0
1073,W 76 St & Columbus Ave,W 76 St & Columbus Ave,429.0,401,830.0
1074,5 Ave & E 63 St,5 Ave & E 63 St,412.0,419,831.0
1075,W 40 St & 7 Ave,W 40 St & 7 Ave,432.0,399,831.0
1076,River Ter & Warren St,River Ter & Warren St,408.0,423,831.0
1077,E 84 St & Park Ave,E 84 St & Park Ave,419.0,413,832.0
1078,W 87 St & Amsterdam Ave,W 87 St & Amsterdam Ave,426.0,408,834.0
1079,Nassau Ave & Russell St,Nassau Ave & Russell St,396.0,440,836.0
1080,Clinton St & Joralemon St,Clinton St & Joralemon St,443.0,393,836.0
1081,Perry St & Bleecker St,Perry St & Bleecker St,419.0,417,836.0
1082,E 50 St & Park Ave,E 50 St & Park Ave,437.0,399,836.0
1083,Myrtle Ave & Fleet Pl,Myrtle Ave & Fleet Pl,401.0,436,837.0
1084,E 12 St & 3 Ave,E 12 St & 3 Ave,440.0,398,838.0
1085,Frederick Douglass Blvd & W 112 St,Frederick Douglass Blvd & W 112 St,419.0,419,838.0
1086,Water St & Gouverneur Ln,Water St & Gouverneur Ln,412.0,427,839.0
1087,Melrose St & Broadway,Melrose St & Broadway,408.0,433,841.0
1088,Cadman Plaza E & Tillary St,Cadman Plaza E & Tillary St,428.0,413,841.0
1089,Suydam St & Broadway,Suydam St & Broadway,421.0,422,843.0
1090,W 48 St &  Rockefeller Plaza,W 48 St &  Rockefeller Plaza,451.0,393,844.0
1091,Graham Ave & Grand St,Graham Ave & Grand St,422.0,425,847.0
1092,E 78 St & 2 Ave,E 78 St & 2 Ave,460.0,387,847.0
1093,W 106 St & Central Park West,W 106 St & Central Park West,420.0,430,850.0
1094,Washington St & Barrow St,Washington St & Barrow St,432.0,418,850.0
1095,Old Slip & South St,Old Slip & South St,399.0,451,850.0
1096,Market St & Henry St,Market St & Henry St,422.0,428,850.0
1097,Plaza St West & Flatbush Ave,Plaza St West & Flatbush Ave,411.0,440,851.0
1098,Cathedral Pkwy & Broadway,Cathedral Pkwy & Broadway,420.0,432,852.0
1099,Greene Ave & Nostrand Ave,Greene Ave & Nostrand Ave,419.0,433,852.0
1100,Gansevoort St & Hudson St,Gansevoort St & Hudson St,429.0,424,853.0
1101,W 84 St & Broadway,W 84 St & Broadway,444.0,411,855.0
1102,Lafayette Ave & Classon Ave,Lafayette Ave & Classon Ave,454.0,401,855.0
1103,E 7 St & Ave C,E 7 St & Ave C,429.0,428,857.0
1104,E 13 St & Avenue A,E 13 St & Avenue A,444.0,414,858.0
1105,Bank St & Hudson St,Bank St & Hudson St,427.0,431,858.0
1106,Amsterdam Ave & W 66 St,Amsterdam Ave & W 66 St,429.0,430,859.0
1107,Schermerhorn St & Court St,Schermerhorn St & Court St,397.0,463,860.0
1108,Bridge St & Water St,Bridge St & Water St,437.0,425,862.0
1109,Lexington Ave & Classon Ave,Lexington Ave & Classon Ave,438.0,426,864.0
1110,Broadway & W 37 St,Broadway & W 37 St,458.0,406,864.0
1111,Carroll St & Smith St,Carroll St & Smith St,435.0,429,864.0
1112,St Johns Pl & Washington Ave,St Johns Pl & Washington Ave,421.0,444,865.0
1113,Maiden Ln & Pearl St,Maiden Ln & Pearl St,443.0,423,866.0
1114,Riverside Dr & W 82 St,Riverside Dr & W 82 St,436.0,430,866.0
1115,Bus Slip & State St,Bus Slip & State St,441.0,426,867.0
1116,W 51 St & Rockefeller Plaza,W 51 St & Rockefeller Plaza,435.0,433,868.0
1117,Kent Ave & Division Ave,Kent Ave & Division Ave,425.0,444,869.0
1118,Riverside Dr & W 91 St,Riverside Dr & W 91 St,435.0,435,870.0
1119,Washington Ave & Park Ave,Washington Ave & Park Ave,436.0,434,870.0
1120,Atlantic Ave & Fort Greene Pl,Atlantic Ave & Fort Greene Pl,451.0,420,871.0
1121,W 10 St & Washington St,W 10 St & Washington St,444.0,427,871.0
1122,Carlton Ave & Dean St,Carlton Ave & Dean St,430.0,441,871.0
1123,Franklin St & Dupont St,Franklin St & Dupont St,426.0,448,874.0
1124,Leonard St & Nassau Ave,Leonard St & Nassau Ave,440.0,435,875.0
1125,Kingston Ave & Herkimer St,Kingston Ave & Herkimer St,432.0,444,876.0
1126,3 Ave & Schermerhorn St,3 Ave & Schermerhorn St,426.0,451,877.0
1127,Dean St & Franklin Ave,Dean St & Franklin Ave,410.0,468,878.0
1128,Franklin St & W Broadway,Franklin St & W Broadway,451.0,427,878.0
1129,W 33 St & 10 Ave,W 33 St & 10 Ave,469.0,409,878.0
1130,W 89 St & Columbus Ave,W 89 St & Columbus Ave,444.0,435,879.0
1131,St James Pl & Oliver St,St James Pl & Oliver St,413.0,466,879.0
1132,E 76 St & Park Ave,E 76 St & Park Ave,429.0,452,881.0
1133,E 48 St & 5 Ave,E 48 St & 5 Ave,440.0,445,885.0
1134,12 Ave & W 125 St,12 Ave & W 125 St,426.0,459,885.0
1135,Broadway & Morris St,Broadway & Morris St,440.0,446,886.0
1136,E 56 St & Madison Ave,E 56 St & Madison Ave,459.0,429,888.0
1137,Bergen St & Smith St,Bergen St & Smith St,452.0,437,889.0
1138,W 36 St & 9 Ave,W 36 St & 9 Ave,476.0,413,889.0
1139,E 58 St & 1 Ave (NE Corner),E 58 St & 1 Ave (NE Corner),475.0,415,890.0
1140,Park Pl & Church St,Park Pl & Church St,474.0,416,890.0
1141,8 Ave & W 16 St,8 Ave & W 16 St,447.0,444,891.0
1142,E 51 St & Lexington Ave,E 51 St & Lexington Ave,462.0,430,892.0
1143,W 52 St & 11 Ave,W 52 St & 11 Ave,442.0,450,892.0
1144,E 11 St & Avenue B,E 11 St & Avenue B,446.0,447,893.0
1145,Leonard St & Maujer St,Leonard St & Maujer St,450.0,444,894.0
1146,Eastern Pkwy & Franklin Ave,Eastern Pkwy & Franklin Ave,428.0,467,895.0
1147,Graham Ave & Conselyea St,Graham Ave & Conselyea St,438.0,458,896.0
1148,Washington Park,Washington Park,427.0,469,896.0
1149,E 4 St & Ave B,E 4 St & Ave B,446.0,451,897.0
1150,W 35 St & 8 Ave,W 35 St & 8 Ave,478.0,420,898.0
1151,West Drive & Prospect Park West,West Drive & Prospect Park West,438.0,461,899.0
1152,Adelphi St & Myrtle Ave,Adelphi St & Myrtle Ave,451.0,448,899.0
1153,Hicks St & Montague St,Hicks St & Montague St,436.0,463,899.0
1154,E 9 St & Avenue C,E 9 St & Avenue C,457.0,443,900.0
1155,7 Ave & Park Pl,7 Ave & Park Pl,455.0,445,900.0
1156,Cumberland St & Lafayette Ave,Cumberland St & Lafayette Ave,452.0,449,901.0
1157,Monroe St & Bedford Ave,Monroe St & Bedford Ave,455.0,447,902.0
1158,E 65 St & 2 Ave,E 65 St & 2 Ave,489.0,413,902.0
1159,W 64 St & Thelonious Monk Circle,W 64 St & Thelonious Monk Circle,442.0,461,903.0
1160,Henry St & Grand St,Henry St & Grand St,466.0,437,903.0
1161,5 Ave & E 78 St,5 Ave & E 78 St,446.0,457,903.0
1162,Bank St & Washington St,Bank St & Washington St,452.0,451,903.0
1163,Bergen St & 4 Ave,Bergen St & 4 Ave,446.0,458,904.0
1164,Morton St & Washington St,Morton St & Washington St,440.0,464,904.0
1165,W 82 St & Central Park West,W 82 St & Central Park West,446.0,459,905.0
1166,Sterling Pl & Bedford Ave,Sterling Pl & Bedford Ave,446.0,460,906.0
1167,W 37 St & 10 Ave,W 37 St & 10 Ave,467.0,440,907.0
1168,DeKalb Ave & Franklin Ave,DeKalb Ave & Franklin Ave,461.0,447,908.0
1169,Grand Army Plaza & Plaza St West,Grand Army Plaza & Plaza St West,449.0,459,908.0
1170,E 55 St & 2 Ave,E 55 St & 2 Ave,451.0,458,909.0
1171,John St & William St,John St & William St,469.0,440,909.0
1172,Huron St & Franklin St,Huron St & Franklin St,430.0,479,909.0
1173,W 35 St & 9 Ave,W 35 St & 9 Ave,457.0,452,909.0
1174,E 14 St & Avenue B,E 14 St & Avenue B,465.0,445,910.0
1175,Berkeley Pl & 7 Ave,Berkeley Pl & 7 Ave,451.0,460,911.0
1176,E 5 St & Ave A,E 5 St & Ave A,455.0,456,911.0
1177,Central Park West & W 76 St,Central Park West & W 76 St,458.0,455,913.0
1178,Devoe St & Lorimer St,Devoe St & Lorimer St,466.0,448,914.0
1179,Fulton St & Waverly Ave,Fulton St & Waverly Ave,452.0,463,915.0
1180,E 25 St & 1 Ave,E 25 St & 1 Ave,460.0,456,916.0
1181,E 91 St & 2 Ave,E 91 St & 2 Ave,467.0,450,917.0
1182,Old Fulton St,Old Fulton St,471.0,446,917.0
1183,W 50 St & 9 Ave,W 50 St & 9 Ave,468.0,450,918.0
1184,Flatbush Ave & Ocean Ave,Flatbush Ave & Ocean Ave,441.0,478,919.0
1185,Plaza St East & Flatbush Ave,Plaza St East & Flatbush Ave,491.0,428,919.0
1186,Pike St & E Broadway,Pike St & E Broadway,465.0,455,920.0
1187,W 53 St & 10 Ave,W 53 St & 10 Ave,481.0,440,921.0
1188,McGuinness Blvd & Eagle St,McGuinness Blvd & Eagle St,459.0,465,924.0
1189,Pearl St & Hanover Square,Pearl St & Hanover Square,473.0,452,925.0
1190,W 12 St & Hudson St,W 12 St & Hudson St,462.0,463,925.0
1191,E 45 St & 3 Ave,E 45 St & 3 Ave,450.0,475,925.0
1192,India St & Manhattan Ave,India St & Manhattan Ave,459.0,466,925.0
1193,W 47 St & 6 Ave,W 47 St & 6 Ave,464.0,462,926.0
1194,E 41 St & Madison Ave (SW corner),E 41 St & Madison Ave (SW corner),480.0,446,926.0
1195,Meserole Ave & Manhattan Ave,Meserole Ave & Manhattan Ave,451.0,476,927.0
1196,W Broadway & Spring St,W Broadway & Spring St,487.0,441,928.0
1197,Central Park W & W 91 St,Central Park W & W 91 St,484.0,445,929.0
1198,N 11 St & Kent Ave,N 11 St & Kent Ave,473.0,456,929.0
1199,Montrose Ave & Bushwick Ave,Montrose Ave & Bushwick Ave,465.0,464,929.0
1200,W 56 St & 10 Ave,W 56 St & 10 Ave,475.0,455,930.0
1201,Perry St & Greenwich Ave,Perry St & Greenwich Ave,481.0,450,931.0
1202,Lexington Ave & E 26 St,Lexington Ave & E 26 St,477.0,454,931.0
1203,8 Ave & W 27 St,8 Ave & W 27 St,475.0,456,931.0
1204,Grand St & Samuel Dickstein Plaza,Grand St & Samuel Dickstein Plaza,478.0,454,932.0
1205,Walker St & Baxter St,Walker St & Baxter St,477.0,455,932.0
1206,Henry St & Atlantic Ave,Henry St & Atlantic Ave,461.0,471,932.0
1207,W 42 St & Dyer Ave,W 42 St & Dyer Ave,477.0,456,933.0
1208,E 72 St & Park Ave,E 72 St & Park Ave,491.0,442,933.0
1209,W 50 St & 10 Ave,W 50 St & 10 Ave,470.0,465,935.0
1210,Albany St & Greenwich St,Albany St & Greenwich St,470.0,465,935.0
1211,West Thames St,West Thames St,458.0,478,936.0
1212,Madison Ave & E 82 St,Madison Ave & E 82 St,467.0,471,938.0
1213,Bedford Ave & Bergen St,Bedford Ave & Bergen St,455.0,485,940.0
1214,E 48 St & 3 Ave,E 48 St & 3 Ave,492.0,449,941.0
1215,W 46 St & 11 Ave,W 46 St & 11 Ave,475.0,466,941.0
1216,Greenwich St & Perry St,Greenwich St & Perry St,457.0,485,942.0
1217,Broadway & W 36 St,Broadway & W 36 St,477.0,465,942.0
1218,Bergen St & Flatbush Ave,Bergen St & Flatbush Ave,474.0,469,943.0
1219,Frederick Douglass Blvd & W 117 St,Frederick Douglass Blvd & W 117 St,452.0,493,945.0
1220,St Marks Pl & 1 Ave,St Marks Pl & 1 Ave,483.0,462,945.0
1221,Amsterdam Ave & W 82 St,Amsterdam Ave & W 82 St,493.0,452,945.0
1222,West Broadway & Watts St,West Broadway & Watts St,475.0,472,947.0
1223,W 84 St & Columbus Ave,W 84 St & Columbus Ave,481.0,467,948.0
1224,Little West St & 1 Pl,Little West St & 1 Pl,469.0,483,952.0
1225,E 40 St & 5 Ave,E 40 St & 5 Ave,506.0,449,955.0
1226,W 56 St & 6 Ave,W 56 St & 6 Ave,503.0,452,955.0
1227,W 100 St & Broadway,W 100 St & Broadway,481.0,476,957.0
1228,Willoughby Ave & Hall St,Willoughby Ave & Hall St,469.0,488,957.0
1229,Riverside Dr & W 104 St,Riverside Dr & W 104 St,477.0,481,958.0
1230,Emerson Pl & Myrtle Ave,Emerson Pl & Myrtle Ave,484.0,476,960.0
1231,E 19 St & 3 Ave,E 19 St & 3 Ave,462.0,498,960.0
1232,William St & Pine St,William St & Pine St,469.0,491,960.0
1233,W 30 St & 8 Ave,W 30 St & 8 Ave,499.0,462,961.0
1234,Murray St & Greenwich St,Murray St & Greenwich St,472.0,490,962.0
1235,Metropolitan Ave & Meeker Ave,Metropolitan Ave & Meeker Ave,469.0,493,962.0
1236,Court St & State St,Court St & State St,474.0,488,962.0
1237,E 51 St & 1 Ave,E 51 St & 1 Ave,495.0,467,962.0
1238,E 47 St & 1 Ave,E 47 St & 1 Ave,504.0,460,964.0
1239,E 20 St & FDR Dr,E 20 St & FDR Dr,495.0,469,964.0
1240,E 63 St & 3 Ave,E 63 St & 3 Ave,515.0,449,964.0
1241,E 23 St & 1 Ave,E 23 St & 1 Ave,484.0,480,964.0
1242,Lexington Ave & E 29 St,Lexington Ave & E 29 St,482.0,483,965.0
1243,MacDougal St & Washington Sq,MacDougal St & Washington Sq,484.0,482,966.0
1244,W 36 St & 7 Ave,W 36 St & 7 Ave,519.0,447,966.0
1245,10 Ave & W 28 St,10 Ave & W 28 St,503.0,463,966.0
1246,W 49 St & 8 Ave,W 49 St & 8 Ave,500.0,466,966.0
1247,Greenpoint Ave & Manhattan Ave,Greenpoint Ave & Manhattan Ave,485.0,481,966.0
1248,Cliff St & Fulton St,Cliff St & Fulton St,488.0,480,968.0
1249,E 5 St & Cooper Sq,E 5 St & Cooper Sq,476.0,493,969.0
1250,Division St & Bowery,Division St & Bowery,491.0,479,970.0
1251,E 54 St & 1 Ave,E 54 St & 1 Ave,528.0,442,970.0
1252,Broadway & Battery Pl,Broadway & Battery Pl,494.0,477,971.0
1253,E 80 St & 2 Ave,E 80 St & 2 Ave,508.0,464,972.0
1254,Ave A & E 14 St,Ave A & E 14 St,471.0,501,972.0
1255,Union Ave & N 12 St,Union Ave & N 12 St,469.0,503,972.0
1256,E 7 St & Ave B,E 7 St & Ave B,491.0,481,972.0
1257,E 6 St & Avenue B,E 6 St & Avenue B,487.0,485,972.0
1258,Broadway & W 56 St,Broadway & W 56 St,483.0,490,973.0
1259,E 88 St & 1 Ave,E 88 St & 1 Ave,483.0,491,974.0
1260,W 41 St & 8 Ave,W 41 St & 8 Ave,525.0,449,974.0
1261,Central Park West & W 85 St,Central Park West & W 85 St,507.0,469,976.0
1262,W 52 St & 6 Ave,W 52 St & 6 Ave,507.0,471,978.0
1263,E 2 St & Avenue C,E 2 St & Avenue C,510.0,471,981.0
1264,E 6 St & 2 Ave,E 6 St & 2 Ave,515.0,466,981.0
1265,Central Park W & W 97 St,Central Park W & W 97 St,496.0,488,984.0
1266,Riverside Dr & W 72 St,Riverside Dr & W 72 St,494.0,490,984.0
1267,Central Park North & Adam Clayton Powell Blvd,Central Park North & Adam Clayton Powell Blvd,485.0,499,984.0
1268,South St & Whitehall St,South St & Whitehall St,484.0,501,985.0
1269,W 56 St & 8 Ave,W 56 St & 8 Ave,538.0,447,985.0
1270,W 29 St & 9 Ave,W 29 St & 9 Ave,506.0,480,986.0
1271,Broadway & Roebling St,Broadway & Roebling St,493.0,494,987.0
1272,DeKalb Ave & S Portland Ave,DeKalb Ave & S Portland Ave,502.0,485,987.0
1273,Broadway & W 53 St,Broadway & W 53 St,506.0,482,988.0
1274,Washington Pl & Broadway,Washington Pl & Broadway,505.0,485,990.0
1275,Ave A & E 11 St,Ave A & E 11 St,491.0,500,991.0
1276,South St & Gouverneur Ln,South St & Gouverneur Ln,485.0,506,991.0
1277,E 53 St & Madison Ave,E 53 St & Madison Ave,499.0,493,992.0
1278,Madison Ave & E 26 St,Madison Ave & E 26 St,492.0,500,992.0
1279,6 Ave & Canal St,6 Ave & Canal St,490.0,502,992.0
1280,W 95 St & Broadway,W 95 St & Broadway,481.0,512,993.0
1281,W 11 St & 6 Ave,W 11 St & 6 Ave,493.0,500,993.0
1282,W 15 St & 10 Ave,W 15 St & 10 Ave,506.0,488,994.0
1283,6 Ave & Walker St,6 Ave & Walker St,501.0,493,994.0
1284,Clinton St & Tillary St,Clinton St & Tillary St,501.0,494,995.0
1285,5 Ave & E 87 St,5 Ave & E 87 St,521.0,476,997.0
1286,Atlantic Ave & Furman St,Atlantic Ave & Furman St,464.0,533,997.0
1287,E 53 St & Lexington Ave,E 53 St & Lexington Ave,501.0,498,999.0
1288,Delancey St & Eldridge St,Delancey St & Eldridge St,503.0,497,1000.0
1289,W 40 St & 5 Ave,W 40 St & 5 Ave,533.0,467,1000.0
1290,W 47 St & 10 Ave,W 47 St & 10 Ave,506.0,495,1001.0
1291,North Moore St & Greenwich St,North Moore St & Greenwich St,519.0,484,1003.0
1292,W 59 St & 10 Ave,W 59 St & 10 Ave,503.0,500,1003.0
1293,W 27 St & 7 Ave,W 27 St & 7 Ave,499.0,504,1003.0
1294,W 70 St & Amsterdam Ave,W 70 St & Amsterdam Ave,510.0,494,1004.0
1295,Broadway & W 51 St,Broadway & W 51 St,513.0,491,1004.0
1296,W 20 St & 8 Ave,W 20 St & 8 Ave,515.0,489,1004.0
1297,Reade St & Broadway,Reade St & Broadway,497.0,508,1005.0
1298,5 Ave & E 72 St,5 Ave & E 72 St,503.0,502,1005.0
1299,Mercer St & Bleecker St,Mercer St & Bleecker St,530.0,476,1006.0
1300,E 47 St & Park Ave,E 47 St & Park Ave,512.0,494,1006.0
1301,Fulton St & William St,Fulton St & William St,493.0,513,1006.0
1302,Scholes St & Manhattan Ave,Scholes St & Manhattan Ave,497.0,510,1007.0
1303,W 54 St & 9 Ave,W 54 St & 9 Ave,507.0,502,1009.0
1304,E 22 St & 2 Ave,E 22 St & 2 Ave,514.0,496,1010.0
1305,E 84 St & 1 Ave,E 84 St & 1 Ave,503.0,508,1011.0
1306,E 3 St & 1 Ave,E 3 St & 1 Ave,503.0,508,1011.0
1307,Amsterdam Ave & W 79 St,Amsterdam Ave & W 79 St,508.0,503,1011.0
1308,E 26 St & 3 Ave,E 26 St & 3 Ave,549.0,463,1012.0
1309,11 Ave & W 59 St,11 Ave & W 59 St,495.0,517,1012.0
1310,Madison Av & E 51 St,Madison Av & E 51 St,536.0,476,1012.0
1311,Barrow St & Hudson St,Barrow St & Hudson St,505.0,508,1013.0
1312,3 Ave & E 62 St,3 Ave & E 62 St,494.0,519,1013.0
1313,W 37 St & 5 Ave,W 37 St & 5 Ave,510.0,505,1015.0
1314,Duffield St & Willoughby St,Duffield St & Willoughby St,503.0,512,1015.0
1315,Spruce St & Nassau St,Spruce St & Nassau St,501.0,514,1015.0
1316,E 27 St & 1 Ave,E 27 St & 1 Ave,482.0,536,1018.0
1317,W 51 St & 6 Ave,W 51 St & 6 Ave,522.0,497,1019.0
1318,Greene St & Prince St,Greene St & Prince St,506.0,514,1020.0
1319,King St & Varick St,King St & Varick St,513.0,508,1021.0
1320,E 47 St & 2 Ave,E 47 St & 2 Ave,525.0,496,1021.0
1321,Leonard St & Church St,Leonard St & Church St,499.0,522,1021.0
1322,DeKalb Ave & Vanderbilt Ave,DeKalb Ave & Vanderbilt Ave,526.0,496,1022.0
1323,E 72 St & York Ave,E 72 St & York Ave,516.0,507,1023.0
1324,E 39 St & Lexington Ave,E 39 St & Lexington Ave,506.0,517,1023.0
1325,S 4 St & Rodney St,S 4 St & Rodney St,504.0,520,1024.0
1326,Lafayette Ave & Ft Greene Pl,Lafayette Ave & Ft Greene Pl,508.0,516,1024.0
1327,Spring St & Hudson St,Spring St & Hudson St,514.0,510,1024.0
1328,Greenwich Ave & Charles St,Greenwich Ave & Charles St,509.0,516,1025.0
1329,E 44 St & 2 Ave,E 44 St & 2 Ave,535.0,491,1026.0
1330,E 27 St & Park Ave S,E 27 St & Park Ave S,518.0,509,1027.0
1331,Lexington Ave & E 36 St,Lexington Ave & E 36 St,529.0,499,1028.0
1332,Driggs Ave & N 9 St,Driggs Ave & N 9 St,507.0,521,1028.0
1333,Riverside Blvd & W 67 St,Riverside Blvd & W 67 St,520.0,508,1028.0
1334,W 22 St & 8 Ave,W 22 St & 8 Ave,513.0,515,1028.0
1335,W 13 St & 5 Ave,W 13 St & 5 Ave,511.0,518,1029.0
1336,W 67 St & Broadway,W 67 St & Broadway,510.0,519,1029.0
1337,E 41 St & Madison Ave (SE corner),E 41 St & Madison Ave (SE corner),560.0,469,1029.0
1338,1 Ave & E 30 St,1 Ave & E 30 St,511.0,519,1030.0
1339,Liberty St & Nassau St,Liberty St & Nassau St,506.0,525,1031.0
1340,E 30 St & Park Ave S,E 30 St & Park Ave S,539.0,493,1032.0
1341,Sands St & Jay St,Sands St & Jay St,515.0,518,1033.0
1342,Broadway & W 29 St,Broadway & W 29 St,517.0,518,1035.0
1343,W 55 St & 6 Ave,W 55 St & 6 Ave,517.0,519,1036.0
1344,1 Ave & E 16 St,1 Ave & E 16 St,525.0,512,1037.0
1345,E 2 St & Avenue A,E 2 St & Avenue A,539.0,498,1037.0
1346,Front St & Jay St,Front St & Jay St,516.0,521,1037.0
1347,E 59 St & Madison Ave,E 59 St & Madison Ave,522.0,515,1037.0
1348,Stagg St & Union Ave,Stagg St & Union Ave,502.0,538,1040.0
1349,E 11 St & 3 Ave,E 11 St & 3 Ave,507.0,535,1042.0
1350,E 74 St & 1 Ave,E 74 St & 1 Ave,532.0,510,1042.0
1351,Water St &  Fletcher St,Water St &  Fletcher St,522.0,520,1042.0
1352,W 44 St & 11 Ave,W 44 St & 11 Ave,512.0,531,1043.0
1353,Lexington Ave & E 24 St,Lexington Ave & E 24 St,510.0,534,1044.0
1354,Hudson St & Reade St,Hudson St & Reade St,506.0,538,1044.0
1355,FDR Drive & E 35 St,FDR Drive & E 35 St,546.0,498,1044.0
1356,W Broadway & W Houston St,W Broadway & W Houston St,525.0,522,1047.0
1357,Forsyth St & Broome St,Forsyth St & Broome St,536.0,511,1047.0
1358,E 58 St & 1 Ave (NW Corner),E 58 St & 1 Ave (NW Corner),556.0,492,1048.0
1359,Rivington St & Ridge St,Rivington St & Ridge St,538.0,510,1048.0
1360,Jay St & York St,Jay St & York St,518.0,531,1049.0
1361,University Pl & E 8 St,University Pl & E 8 St,538.0,512,1050.0
1362,E 25 St & 2 Ave,E 25 St & 2 Ave,522.0,528,1050.0
1363,Bayard St & Baxter St,Bayard St & Baxter St,531.0,519,1050.0
1364,W 44 St & 5 Ave,W 44 St & 5 Ave,539.0,512,1051.0
1365,Roebling St & N 4 St,Roebling St & N 4 St,522.0,532,1054.0
1366,Broadway & W 61 St,Broadway & W 61 St,523.0,532,1055.0
1367,W 26 St & 10 Ave,W 26 St & 10 Ave,508.0,548,1056.0
1368,1 Ave & E 44 St,1 Ave & E 44 St,537.0,520,1057.0
1369,W 16 St & The High Line,W 16 St & The High Line,521.0,538,1059.0
1370,11 Ave & W 41 St,11 Ave & W 41 St,535.0,526,1061.0
1371,W 17 St & 8 Ave,W 17 St & 8 Ave,527.0,534,1061.0
1372,Hope St & Union Ave,Hope St & Union Ave,508.0,554,1062.0
1373,9 Ave & W 18 St,9 Ave & W 18 St,553.0,511,1064.0
1374,W 20 St & 10 Ave,W 20 St & 10 Ave,524.0,541,1065.0
1375,W 43 St & 10 Ave,W 43 St & 10 Ave,548.0,517,1065.0
1376,West End Ave & W 60 St,West End Ave & W 60 St,535.0,533,1068.0
1377,W 63 St & Broadway,W 63 St & Broadway,529.0,539,1068.0
1378,Lispenard St & Broadway,Lispenard St & Broadway,544.0,525,1069.0
1379,E 31 St & 3 Ave,E 31 St & 3 Ave,551.0,518,1069.0
1380,Cooper Square & Astor Pl,Cooper Square & Astor Pl,537.0,532,1069.0
1381,Jay St & Tech Pl,Jay St & Tech Pl,551.0,519,1070.0
1382,E 10 St & 2 Ave,E 10 St & 2 Ave,559.0,511,1070.0
1383,Thompson St & Bleecker St,Thompson St & Bleecker St,542.0,529,1071.0
1384,W 54 St & 11 Ave,W 54 St & 11 Ave,525.0,548,1073.0
1385,W 15 St & 7 Ave,W 15 St & 7 Ave,554.0,519,1073.0
1386,4 Ave & E 12 St,4 Ave & E 12 St,538.0,535,1073.0
1387,Warren St & W Broadway,Warren St & W Broadway,553.0,521,1074.0
1388,E 44 St & Lexington Ave,E 44 St & Lexington Ave,560.0,514,1074.0
1389,W 42 St & 8 Ave,W 42 St & 8 Ave,569.0,506,1075.0
1390,Bergen St & Vanderbilt Ave,Bergen St & Vanderbilt Ave,533.0,543,1076.0
1391,9 Ave & W 45 St,9 Ave & W 45 St,538.0,538,1076.0
1392,Water St & Main St,Water St & Main St,530.0,547,1077.0
1393,8 Ave & W 52 St,8 Ave & W 52 St,552.0,526,1078.0
1394,1 Ave & E 18 St,1 Ave & E 18 St,548.0,530,1078.0
1395,E 14 St & 1 Ave,E 14 St & 1 Ave,535.0,544,1079.0
1396,Washington Pl & 6 Ave,Washington Pl & 6 Ave,542.0,537,1079.0
1397,W 34 St & 11 Ave,W 34 St & 11 Ave,532.0,547,1079.0
1398,Flushing Ave & Vanderbilt Ave,Flushing Ave & Vanderbilt Ave,532.0,548,1080.0
1399,E 33 St & 5 Ave,E 33 St & 5 Ave,539.0,541,1080.0
1400,W 20 St & 7 Ave,W 20 St & 7 Ave,545.0,535,1080.0
1401,E 32 St & Park Ave,E 32 St & Park Ave,533.0,549,1082.0
1402,Vesey Pl & River Terrace,Vesey Pl & River Terrace,542.0,544,1086.0
1403,Hudson St & W 13 St,Hudson St & W 13 St,563.0,523,1086.0
1404,E 85 St & 3 Ave,E 85 St & 3 Ave,562.0,525,1087.0
1405,W 4 St & 7 Ave S,W 4 St & 7 Ave S,547.0,540,1087.0
1406,E 11 St & 1 Ave,E 11 St & 1 Ave,508.0,580,1088.0
1407,W 30 St & 10 Ave,W 30 St & 10 Ave,554.0,535,1089.0
1408,Clinton Ave & Myrtle Ave,Clinton Ave & Myrtle Ave,542.0,548,1090.0
1409,Grand St & Greene St,Grand St & Greene St,526.0,566,1092.0
1410,Clark St & Henry St,Clark St & Henry St,515.0,578,1093.0
1411,8 Ave & W 31 St,8 Ave & W 31 St,564.0,529,1093.0
1412,N 12 St & Bedford Ave,N 12 St & Bedford Ave,539.0,554,1093.0
1413,Mercer St & Spring St,Mercer St & Spring St,571.0,523,1094.0
1414,9 Ave & W 22 St,9 Ave & W 22 St,558.0,536,1094.0
1415,E 16 St & Irving Pl,E 16 St & Irving Pl,573.0,523,1096.0
1416,Hanson Pl & Ashland Pl,Hanson Pl & Ashland Pl,533.0,564,1097.0
1417,Lawrence St & Willoughby St,Lawrence St & Willoughby St,544.0,554,1098.0
1418,8 Ave & W 49 St,8 Ave & W 49 St,576.0,523,1099.0
1419,W 26 St & 8 Ave,W 26 St & 8 Ave,573.0,527,1100.0
1420,7 Ave S & Bleecker St,7 Ave S & Bleecker St,569.0,532,1101.0
1421,Amsterdam Ave & W 73 St,Amsterdam Ave & W 73 St,548.0,554,1102.0
1422,Columbus Ave & W 72 St,Columbus Ave & W 72 St,551.0,551,1102.0
1423,W 15 St & 6 Ave,W 15 St & 6 Ave,557.0,546,1103.0
1424,Bedford Ave & Nassau Ave,Bedford Ave & Nassau Ave,518.0,586,1104.0
1425,E 51 St & 2 Ave,E 51 St & 2 Ave,566.0,538,1104.0
1426,E 56 St & 3 Ave,E 56 St & 3 Ave,597.0,507,1104.0
1427,Central Park West & W 72 St,Central Park West & W 72 St,567.0,538,1105.0
1428,W 45 St & 8 Ave,W 45 St & 8 Ave,562.0,544,1106.0
1429,Greenwich St & W Houston St,Greenwich St & W Houston St,540.0,569,1109.0
1430,Washington Square E,Washington Square E,571.0,540,1111.0
1431,Christopher St & Greenwich St,Christopher St & Greenwich St,546.0,565,1111.0
1432,8 Ave & W 38 St,8 Ave & W 38 St,555.0,559,1114.0
1433,E 20 St & 2 Ave,E 20 St & 2 Ave,578.0,537,1115.0
1434,6 Ave & W 45 St,6 Ave & W 45 St,561.0,554,1115.0
1435,W 18 St & 6 Ave,W 18 St & 6 Ave,573.0,542,1115.0
1436,Sullivan St & Washington Sq,Sullivan St & Washington Sq,574.0,542,1116.0
1437,E 15 St & 3 Ave,E 15 St & 3 Ave,562.0,556,1118.0
1438,LaGuardia Pl & W 3 St,LaGuardia Pl & W 3 St,535.0,585,1120.0
1439,6 Ave & Broome St,6 Ave & Broome St,558.0,563,1121.0
1440,Broadway & W 38 St,Broadway & W 38 St,562.0,561,1123.0
1441,E 2 St & Avenue B,E 2 St & Avenue B,562.0,565,1127.0
1442,Centre St & Worth St,Centre St & Worth St,553.0,574,1127.0
1443,11 Ave & W 27 St,11 Ave & W 27 St,563.0,565,1128.0
1444,W 22 St & 10 Ave,W 22 St & 10 Ave,557.0,572,1129.0
1445,Broadway & W 41 St,Broadway & W 41 St,562.0,567,1129.0
1446,E 4 St & 2 Ave,E 4 St & 2 Ave,582.0,549,1131.0
1447,8 Ave & W 33 St,8 Ave & W 33 St,577.0,555,1132.0
1448,Washington St & Gansevoort St,Washington St & Gansevoort St,551.0,582,1133.0
1449,1 Ave & E 78 St,1 Ave & E 78 St,564.0,570,1134.0
1450,E 20 St & Park Ave,E 20 St & Park Ave,563.0,573,1136.0
1451,Central Park West & W 68 St,Central Park West & W 68 St,580.0,558,1138.0
1452,Orchard St & Grand St,Orchard St & Grand St,580.0,558,1138.0
1453,2 Ave & E 72 St,2 Ave & E 72 St,615.0,523,1138.0
1454,2 Ave & E 31 St,2 Ave & E 31 St,576.0,564,1140.0
1455,E 39 St & 2 Ave,E 39 St & 2 Ave,563.0,583,1146.0
1456,E 10 St & Avenue A,E 10 St & Avenue A,564.0,584,1148.0
1457,7 Ave & Central Park South,7 Ave & Central Park South,610.0,539,1149.0
1458,MacDougal St & Prince St,MacDougal St & Prince St,598.0,555,1153.0
1459,Stanton St & Norfolk St,Stanton St & Norfolk St,579.0,576,1155.0
1460,E 7 St & Avenue A,E 7 St & Avenue A,589.0,567,1156.0
1461,E 2 St & 2 Ave,E 2 St & 2 Ave,588.0,573,1161.0
1462,St Marks Pl & 2 Ave,St Marks Pl & 2 Ave,616.0,546,1162.0
1463,Fulton St & Broadway,Fulton St & Broadway,563.0,600,1163.0
1464,Howard St & Lafayette St,Howard St & Lafayette St,578.0,586,1164.0
1465,Grand St & Havemeyer St,Grand St & Havemeyer St,580.0,586,1166.0
1466,2 Ave & E 29 St,2 Ave & E 29 St,592.0,576,1168.0
1467,W 31 St & 7 Ave,W 31 St & 7 Ave,621.0,550,1171.0
1468,Broadway & E 19 St,Broadway & E 19 St,610.0,565,1175.0
1469,Fulton St & Adams St,Fulton St & Adams St,574.0,602,1176.0
1470,1 Ave & E 39 St,1 Ave & E 39 St,601.0,576,1177.0
1471,Great Jones St,Great Jones St,567.0,611,1178.0
1472,Clinton St & Grand St,Clinton St & Grand St,575.0,603,1178.0
1473,Berry St & N 8 St,Berry St & N 8 St,591.0,596,1187.0
1474,W 25 St & 6 Ave,W 25 St & 6 Ave,579.0,608,1187.0
1475,5 Ave & E 29 St,5 Ave & E 29 St,603.0,588,1191.0
1476,West St & Liberty St,West St & Liberty St,606.0,590,1196.0
1477,E 58 St & 3 Ave,E 58 St & 3 Ave,634.0,564,1198.0
1478,W 42 St & 6 Ave,W 42 St & 6 Ave,591.0,608,1199.0
1479,Greenwich Ave & 8 Ave,Greenwich Ave & 8 Ave,599.0,602,1201.0
1480,E 16 St & 5 Ave,E 16 St & 5 Ave,616.0,585,1201.0
1481,Forsyth St & Canal St,Forsyth St & Canal St,607.0,597,1204.0
1482,E 13 St & 2 Ave,E 13 St & 2 Ave,604.0,601,1205.0
1483,1 Ave & E 6 St,1 Ave & E 6 St,588.0,619,1207.0
1484,Milton St & Franklin St,Milton St & Franklin St,611.0,597,1208.0
1485,E 40 St & Park Ave,E 40 St & Park Ave,624.0,585,1209.0
1486,E 1 St & 1 Ave,E 1 St & 1 Ave,615.0,596,1211.0
1487,Bleecker St & Crosby St,Bleecker St & Crosby St,624.0,592,1216.0
1488,10 Ave & W 14 St,10 Ave & W 14 St,600.0,619,1219.0
1489,Queens Plaza North & Crescent St,Queens Plaza North & Crescent St,610.0,612,1222.0
1490,Kenmare St & Elizabeth St,Kenmare St & Elizabeth St,626.0,597,1223.0
1491,Grand Army Plaza & Central Park S,Grand Army Plaza & Central Park S,599.0,625,1224.0
1492,N 6 St & Bedford Ave,N 6 St & Bedford Ave,606.0,618,1224.0
1493,W 21 St & 6 Ave,W 21 St & 6 Ave,601.0,628,1229.0
1494,Central Park S & 6 Ave,Central Park S & 6 Ave,587.0,643,1230.0
1495,Carmine St & 6 Ave,Carmine St & 6 Ave,616.0,618,1234.0
1496,Stanton St & Chrystie St,Stanton St & Chrystie St,630.0,606,1236.0
1497,Allen St & Hester St,Allen St & Hester St,604.0,635,1239.0
1498,Suffolk St & Stanton St,Suffolk St & Stanton St,633.0,608,1241.0
1499,Mott St & Prince St,Mott St & Prince St,606.0,636,1242.0
1500,6 Ave & W 33 St,6 Ave & W 33 St,638.0,607,1245.0
1501,Vesey St & Church St,Vesey St & Church St,620.0,630,1250.0
1502,E 33 St & 1 Ave,E 33 St & 1 Ave,621.0,637,1258.0
1503,6 Ave & W 34 St,6 Ave & W 34 St,653.0,607,1260.0
1504,Centre St & Chambers St,Centre St & Chambers St,639.0,621,1260.0
1505,Rivington St & Chrystie St,Rivington St & Chrystie St,629.0,632,1261.0
1506,12 Ave & W 40 St,12 Ave & W 40 St,613.0,650,1263.0
1507,Canal St & Rutgers St,Canal St & Rutgers St,639.0,640,1279.0
1508,Broadway & W 25 St,Broadway & W 25 St,654.0,627,1281.0
1509,Lafayette St & E 8 St,Lafayette St & E 8 St,641.0,646,1287.0
1510,Broadway & E 14 St,Broadway & E 14 St,661.0,632,1293.0
1511,Allen St & Rivington St,Allen St & Rivington St,641.0,654,1295.0
1512,Broadway & Berry St,Broadway & Berry St,640.0,657,1297.0
1513,Grand St & Elizabeth St,Grand St & Elizabeth St,664.0,645,1309.0
1514,Norfolk St & Broome St,Norfolk St & Broome St,660.0,651,1311.0
1515,Broadway & E 21 St,Broadway & E 21 St,665.0,658,1323.0
1516,Allen St & Stanton St,Allen St & Stanton St,652.0,672,1324.0
1517,University Pl & E 14 St,University Pl & E 14 St,677.0,653,1330.0
1518,Metropolitan Ave & Bedford Ave,Metropolitan Ave & Bedford Ave,651.0,680,1331.0
1519,West St & Chambers St,West St & Chambers St,678.0,657,1335.0
1520,1 Ave & E 62 St,1 Ave & E 62 St,664.0,675,1339.0
1521,Broadway & W 58 St,Broadway & W 58 St,679.0,663,1342.0
1522,S 3 St & Bedford Ave,S 3 St & Bedford Ave,680.0,667,1347.0
1523,S 5 Pl & S 5 St,S 5 Pl & S 5 St,699.0,678,1377.0
1524,Lafayette St & Jersey St,Lafayette St & Jersey St,673.0,723,1396.0
1525,Kent Ave & N 7 St,Kent Ave & N 7 St,687.0,728,1415.0
1526,S 4 St & Wythe Ave,S 4 St & Wythe Ave,705.0,733,1438.0
1527,Wythe Ave & Metropolitan Ave,Wythe Ave & Metropolitan Ave,718.0,729,1447.0
1528,Cleveland Pl & Spring St,Cleveland Pl & Spring St,735.0,725,1460.0
1529,1 Ave & E 68 St,1 Ave & E 68 St,699.0,769,1468.0
